run_id,commit_sha,partition,scene_id,fault_id,fault_family,method,seed,expected_rules,observed_rules,true_positive,false_positive,false_negative,detected,valid_repair,incorrect_repair,escalated,validation_ms,repair_ms
B-CPU-DETREp-0001,fb93389,challenge,connection_plate_positioning__v001,unsupported_generated_friction,provenance,direct-conversion,0,CSR-SCN-023,,0,0,1,0,0,0,0,0.001764,0.0
B-CPU-DETREp-0001,fb93389,challenge,connection_plate_positioning__v001,unsupported_generated_friction,provenance,fixed-rule-repair,0,CSR-SCN-023,CSR-SCN-023,1,0,0,1,0,0,1,0.10686,0.282139
B-CPU-DETREp-0001,fb93389,challenge,connection_plate_positioning__v001,unsupported_generated_friction,provenance,ablation-no-provenance,0,CSR-SCN-023,,0,0,1,0,0,1,0,0.03548,0.200219
B-CPU-DETREp-0001,fb93389,challenge,connection_plate_positioning__v001,unsupported_generated_friction,provenance,ablation-no-task-validator,0,CSR-SCN-023,CSR-SCN-023,1,0,0,1,0,0,1,0.050983,0.246998
B-CPU-DETREp-0001,fb93389,challenge,connection_plate_positioning__v001,unsupported_generated_friction,provenance,ablation-fixed-repair-order,0,CSR-SCN-023,CSR-SCN-023,1,0,0,1,0,0,1,0.049837,0.246398
B-CPU-DETREp-0001,fb93389,challenge,connection_plate_positioning__v001,unsafe_payload_path,composition,direct-conversion,0,CSR-SCN-029,,0,0,1,0,0,0,0,0.001258,0.0
B-CPU-DETREp-0001,fb93389,challenge,connection_plate_positioning__v001,unsafe_payload_path,composition,fixed-rule-repair,0,CSR-SCN-029,CSR-SCN-029,1,0,0,1,1,0,0,0.047299,0.250737
B-CPU-DETREp-0001,fb93389,challenge,connection_plate_positioning__v001,unsafe_payload_path,composition,ablation-no-provenance,0,CSR-SCN-029,CSR-SCN-029,1,0,0,1,1,0,0,0.041671,0.223695
B-CPU-DETREp-0001,fb93389,challenge,connection_plate_positioning__v001,unsafe_payload_path,composition,ablation-no-task-validator,0,CSR-SCN-029,CSR-SCN-029,1,0,0,1,1,0,0,0.050072,0.249303
B-CPU-DETREp-0001,fb93389,challenge,connection_plate_positioning__v001,unsafe_payload_path,composition,ablation-fixed-repair-order,0,CSR-SCN-029,CSR-SCN-029,1,0,0,1,1,0,0,0.049135,0.253484
B-CPU-DETREp-0001,fb93389,challenge,pin_insertion__v001,unsupported_generated_friction,provenance,direct-conversion,0,CSR-SCN-023,,0,0,1,0,0,0,0,0.001167,0.0
B-CPU-DETREp-0001,fb93389,challenge,pin_insertion__v001,unsupported_generated_friction,provenance,fixed-rule-repair,0,CSR-SCN-023,CSR-SCN-023,1,0,0,1,0,0,1,0.052693,0.255981
B-CPU-DETREp-0001,fb93389,challenge,pin_insertion__v001,unsupported_generated_friction,provenance,ablation-no-provenance,0,CSR-SCN-023,,0,0,1,0,0,1,0,0.032244,0.200176
B-CPU-DETREp-0001,fb93389,challenge,pin_insertion__v001,unsupported_generated_friction,provenance,ablation-no-task-validator,0,CSR-SCN-023,CSR-SCN-023,1,0,0,1,0,0,1,0.048248,0.252903
B-CPU-DETREp-0001,fb93389,challenge,pin_insertion__v001,unsupported_generated_friction,provenance,ablation-fixed-repair-order,0,CSR-SCN-023,CSR-SCN-023,1,0,0,1,0,0,1,0.050562,0.249978
B-CPU-DETREp-0001,fb93389,challenge,pin_insertion__v001,unsafe_payload_path,composition,direct-conversion,0,CSR-SCN-029,,0,0,1,0,0,0,0,0.001172,0.0
B-CPU-DETREp-0001,fb93389,challenge,pin_insertion__v001,unsafe_payload_path,composition,fixed-rule-repair,0,CSR-SCN-029,CSR-SCN-029,1,0,0,1,1,0,0,0.050668,0.24494
B-CPU-DETREp-0001,fb93389,challenge,pin_insertion__v001,unsafe_payload_path,composition,ablation-no-provenance,0,CSR-SCN-029,CSR-SCN-029,1,0,0,1,1,0,0,0.037502,0.222995
B-CPU-DETREp-0001,fb93389,challenge,pin_insertion__v001,unsafe_payload_path,composition,ablation-no-task-validator,0,CSR-SCN-029,CSR-SCN-029,1,0,0,1,1,0,0,0.046285,0.247976
B-CPU-DETREp-0001,fb93389,challenge,pin_insertion__v001,unsafe_payload_path,composition,ablation-fixed-repair-order,0,CSR-SCN-029,CSR-SCN-029,1,0,0,1,1,0,0,0.047876,0.254823
B-CPU-DETREp-0001,fb93389,challenge,sequential_assembly__v001,unsupported_generated_friction,provenance,direct-conversion,0,CSR-SCN-023,,0,0,1,0,0,0,0,0.00113,0.0
B-CPU-DETREp-0001,fb93389,challenge,sequential_assembly__v001,unsupported_generated_friction,provenance,fixed-rule-repair,0,CSR-SCN-023,CSR-SCN-023,1,0,0,1,0,0,1,0.054907,0.250393
B-CPU-DETREp-0001,fb93389,challenge,sequential_assembly__v001,unsupported_generated_friction,provenance,ablation-no-provenance,0,CSR-SCN-023,,0,0,1,0,0,1,0,0.035617,0.208063
B-CPU-DETREp-0001,fb93389,challenge,sequential_assembly__v001,unsupported_generated_friction,provenance,ablation-no-task-validator,0,CSR-SCN-023,CSR-SCN-023,1,0,0,1,0,0,1,0.048655,0.263215
B-CPU-DETREp-0001,fb93389,challenge,sequential_assembly__v001,unsupported_generated_friction,provenance,ablation-fixed-repair-order,0,CSR-SCN-023,CSR-SCN-023,1,0,0,1,0,0,1,0.049949,0.271409
B-CPU-DETREp-0001,fb93389,challenge,sequential_assembly__v001,unsafe_payload_path,composition,direct-conversion,0,CSR-SCN-029,,0,0,1,0,0,0,0,0.001048,0.0
B-CPU-DETREp-0001,fb93389,challenge,sequential_assembly__v001,unsafe_payload_path,composition,fixed-rule-repair,0,CSR-SCN-029,CSR-SCN-029,1,0,0,1,1,0,0,0.051136,0.269319
B-CPU-DETREp-0001,fb93389,challenge,sequential_assembly__v001,unsafe_payload_path,composition,ablation-no-provenance,0,CSR-SCN-029,CSR-SCN-029,1,0,0,1,1,0,0,0.039409,0.244564
B-CPU-DETREp-0001,fb93389,challenge,sequential_assembly__v001,unsafe_payload_path,composition,ablation-no-task-validator,0,CSR-SCN-029,CSR-SCN-029,1,0,0,1,1,0,0,0.047191,0.250421
B-CPU-DETREp-0001,fb93389,challenge,sequential_assembly__v001,unsafe_payload_path,composition,ablation-fixed-repair-order,0,CSR-SCN-029,CSR-SCN-029,1,0,0,1,1,0,0,0.053787,0.267498
B-CPU-DETREp-0001,fb93389,development,connection_plate_positioning,wrong_up_axis,spatial,direct-conversion,0,CSR-SCN-001,,0,0,1,0,0,0,0,0.001713,0.0
B-CPU-DETREp-0001,fb93389,development,connection_plate_positioning,wrong_up_axis,spatial,fixed-rule-repair,0,CSR-SCN-001,CSR-SCN-001,1,0,0,1,1,0,0,0.076873,0.2744
B-CPU-DETREp-0001,fb93389,development,connection_plate_positioning,wrong_up_axis,spatial,ablation-no-provenance,0,CSR-SCN-001,CSR-SCN-001,1,0,0,1,1,0,0,0.041451,0.228894
B-CPU-DETREp-0001,fb93389,development,connection_plate_positioning,wrong_up_axis,spatial,ablation-no-task-validator,0,CSR-SCN-001,CSR-SCN-001,1,0,0,1,1,0,0,0.046889,0.243615
B-CPU-DETREp-0001,fb93389,development,connection_plate_positioning,wrong_up_axis,spatial,ablation-fixed-repair-order,0,CSR-SCN-001,CSR-SCN-001,1,0,0,1,1,0,0,0.048738,0.245225
B-CPU-DETREp-0001,fb93389,development,connection_plate_positioning,wrong_units,spatial,direct-conversion,0,CSR-SCN-002,,0,0,1,0,0,0,0,0.001188,0.0
B-CPU-DETREp-0001,fb93389,development,connection_plate_positioning,wrong_units,spatial,fixed-rule-repair,0,CSR-SCN-002,CSR-SCN-002,1,0,0,1,1,0,0,0.048892,0.249896
B-CPU-DETREp-0001,fb93389,development,connection_plate_positioning,wrong_units,spatial,ablation-no-provenance,0,CSR-SCN-002,CSR-SCN-002,1,0,0,1,1,0,0,0.035377,0.218045
B-CPU-DETREp-0001,fb93389,development,connection_plate_positioning,wrong_units,spatial,ablation-no-task-validator,0,CSR-SCN-002,CSR-SCN-002,1,0,0,1,1,0,0,0.045558,0.241447
B-CPU-DETREp-0001,fb93389,development,connection_plate_positioning,wrong_units,spatial,ablation-fixed-repair-order,0,CSR-SCN-002,CSR-SCN-002,1,0,0,1,1,0,0,0.047024,0.244354
B-CPU-DETREp-0001,fb93389,development,connection_plate_positioning,missing_ifc_guid,identity,direct-conversion,0,CSR-SCN-003,,0,0,1,0,0,0,0,0.001251,0.0
B-CPU-DETREp-0001,fb93389,development,connection_plate_positioning,missing_ifc_guid,identity,fixed-rule-repair,0,CSR-SCN-003,CSR-SCN-003,1,0,0,1,1,0,0,0.049477,0.254849
B-CPU-DETREp-0001,fb93389,development,connection_plate_positioning,missing_ifc_guid,identity,ablation-no-provenance,0,CSR-SCN-003,CSR-SCN-003,1,0,0,1,1,0,0,0.03668,0.224374
B-CPU-DETREp-0001,fb93389,development,connection_plate_positioning,missing_ifc_guid,identity,ablation-no-task-validator,0,CSR-SCN-003,CSR-SCN-003,1,0,0,1,1,0,0,0.047099,0.24891
B-CPU-DETREp-0001,fb93389,development,connection_plate_positioning,missing_ifc_guid,identity,ablation-fixed-repair-order,0,CSR-SCN-003,CSR-SCN-003,1,0,0,1,1,0,0,0.050451,0.256651
B-CPU-DETREp-0001,fb93389,development,connection_plate_positioning,missing_workzone_payload,composition,direct-conversion,0,CSR-SCN-005|CSR-SCN-029,,0,0,2,0,0,0,0,0.001159,0.0
B-CPU-DETREp-0001,fb93389,development,connection_plate_positioning,missing_workzone_payload,composition,fixed-rule-repair,0,CSR-SCN-005|CSR-SCN-029,CSR-SCN-005|CSR-SCN-029,2,0,0,1,1,0,0,0.050254,0.25491
B-CPU-DETREp-0001,fb93389,development,connection_plate_positioning,missing_workzone_payload,composition,ablation-no-provenance,0,CSR-SCN-005|CSR-SCN-029,CSR-SCN-005|CSR-SCN-029,2,0,0,1,1,0,0,0.036482,0.233109
B-CPU-DETREp-0001,fb93389,development,connection_plate_positioning,missing_workzone_payload,composition,ablation-no-task-validator,0,CSR-SCN-005|CSR-SCN-029,CSR-SCN-005|CSR-SCN-029,2,0,0,1,1,0,0,0.047244,0.255704
B-CPU-DETREp-0001,fb93389,development,connection_plate_positioning,missing_workzone_payload,composition,ablation-fixed-repair-order,0,CSR-SCN-005|CSR-SCN-029,CSR-SCN-005|CSR-SCN-029,2,0,0,1,1,0,0,0.04896,0.258131
B-CPU-DETREp-0001,fb93389,development,connection_plate_positioning,missing_target_component,task,direct-conversion,0,CSR-SCN-008|CSR-SCN-028,,0,0,2,0,0,0,0,0.001083,0.0
B-CPU-DETREp-0001,fb93389,development,connection_plate_positioning,missing_target_component,task,fixed-rule-repair,0,CSR-SCN-008|CSR-SCN-028,CSR-SCN-008|CSR-SCN-028,2,0,0,1,1,0,0,0.053976,0.272302
B-CPU-DETREp-0001,fb93389,development,connection_plate_positioning,missing_target_component,task,ablation-no-provenance,0,CSR-SCN-008|CSR-SCN-028,CSR-SCN-008|CSR-SCN-028,2,0,0,1,1,0,0,0.037282,0.238952
B-CPU-DETREp-0001,fb93389,development,connection_plate_positioning,missing_target_component,task,ablation-no-task-validator,0,CSR-SCN-008|CSR-SCN-028,CSR-SCN-028,1,0,1,0,1,0,0,0.045383,0.233743
B-CPU-DETREp-0001,fb93389,development,connection_plate_positioning,missing_target_component,task,ablation-fixed-repair-order,0,CSR-SCN-008|CSR-SCN-028,CSR-SCN-008|CSR-SCN-028,2,0,0,1,1,0,0,0.048623,0.260039
B-CPU-DETREp-0001,fb93389,development,connection_plate_positioning,missing_task_preconditions,task,direct-conversion,0,CSR-SCN-009,,0,0,1,0,0,0,0,0.001072,0.0
B-CPU-DETREp-0001,fb93389,development,connection_plate_positioning,missing_task_preconditions,task,fixed-rule-repair,0,CSR-SCN-009,CSR-SCN-009,1,0,0,1,1,0,0,0.047595,0.257212
B-CPU-DETREp-0001,fb93389,development,connection_plate_positioning,missing_task_preconditions,task,ablation-no-provenance,0,CSR-SCN-009,CSR-SCN-009,1,0,0,1,1,0,0,0.035489,0.22324
B-CPU-DETREp-0001,fb93389,development,connection_plate_positioning,missing_task_preconditions,task,ablation-no-task-validator,0,CSR-SCN-009,,0,0,1,0,0,1,0,0.043445,0.227726
B-CPU-DETREp-0001,fb93389,development,connection_plate_positioning,missing_task_preconditions,task,ablation-fixed-repair-order,0,CSR-SCN-009,CSR-SCN-009,1,0,0,1,1,0,0,0.049722,0.254491
B-CPU-DETREp-0001,fb93389,development,connection_plate_positioning,missing_interface,interface,direct-conversion,0,CSR-SCN-012,,0,0,1,0,0,0,0,0.001153,0.0
B-CPU-DETREp-0001,fb93389,development,connection_plate_positioning,missing_interface,interface,fixed-rule-repair,0,CSR-SCN-012,CSR-SCN-012,1,0,0,1,1,0,0,0.048406,0.246332
B-CPU-DETREp-0001,fb93389,development,connection_plate_positioning,missing_interface,interface,ablation-no-provenance,0,CSR-SCN-012,CSR-SCN-012,1,0,0,1,1,0,0,0.035997,0.214114
B-CPU-DETREp-0001,fb93389,development,connection_plate_positioning,missing_interface,interface,ablation-no-task-validator,0,CSR-SCN-012,CSR-SCN-012,1,0,0,1,1,0,0,0.045956,0.242854
B-CPU-DETREp-0001,fb93389,development,connection_plate_positioning,missing_interface,interface,ablation-fixed-repair-order,0,CSR-SCN-012,CSR-SCN-012,1,0,0,1,1,0,0,0.047695,0.240478
B-CPU-DETREp-0001,fb93389,development,connection_plate_positioning,missing_mass_provenance,provenance,direct-conversion,0,CSR-SCN-015,,0,0,1,0,0,0,0,0.001125,0.0
B-CPU-DETREp-0001,fb93389,development,connection_plate_positioning,missing_mass_provenance,provenance,fixed-rule-repair,0,CSR-SCN-015,CSR-SCN-015,1,0,0,1,1,0,0,0.045379,0.245698
B-CPU-DETREp-0001,fb93389,development,connection_plate_positioning,missing_mass_provenance,provenance,ablation-no-provenance,0,CSR-SCN-015,,0,0,1,0,0,1,0,0.035218,0.161117
B-CPU-DETREp-0001,fb93389,development,connection_plate_positioning,missing_mass_provenance,provenance,ablation-no-task-validator,0,CSR-SCN-015,CSR-SCN-015,1,0,0,1,1,0,0,0.037295,0.235621
B-CPU-DETREp-0001,fb93389,development,connection_plate_positioning,missing_mass_provenance,provenance,ablation-fixed-repair-order,0,CSR-SCN-015,CSR-SCN-015,1,0,0,1,1,0,0,0.040078,0.246899
B-CPU-DETREp-0001,fb93389,development,connection_plate_positioning,missing_tool_binding,tool,direct-conversion,0,CSR-SCN-024,,0,0,1,0,0,0,0,0.001128,0.0
B-CPU-DETREp-0001,fb93389,development,connection_plate_positioning,missing_tool_binding,tool,fixed-rule-repair,0,CSR-SCN-024,CSR-SCN-024,1,0,0,1,1,0,0,0.046229,0.254803
B-CPU-DETREp-0001,fb93389,development,connection_plate_positioning,missing_tool_binding,tool,ablation-no-provenance,0,CSR-SCN-024,CSR-SCN-024,1,0,0,1,1,0,0,0.034384,0.22511
B-CPU-DETREp-0001,fb93389,development,connection_plate_positioning,missing_tool_binding,tool,ablation-no-task-validator,0,CSR-SCN-024,CSR-SCN-024,1,0,0,1,1,0,0,0.044643,0.242078
B-CPU-DETREp-0001,fb93389,development,connection_plate_positioning,missing_tool_binding,tool,ablation-fixed-repair-order,0,CSR-SCN-024,CSR-SCN-024,1,0,0,1,1,0,0,0.048956,0.246527
B-CPU-DETREp-0001,fb93389,development,pin_insertion,wrong_up_axis,spatial,direct-conversion,0,CSR-SCN-001,,0,0,1,0,0,0,0,0.001026,0.0
B-CPU-DETREp-0001,fb93389,development,pin_insertion,wrong_up_axis,spatial,fixed-rule-repair,0,CSR-SCN-001,CSR-SCN-001,1,0,0,1,1,0,0,0.051723,0.23919
B-CPU-DETREp-0001,fb93389,development,pin_insertion,wrong_up_axis,spatial,ablation-no-provenance,0,CSR-SCN-001,CSR-SCN-001,1,0,0,1,1,0,0,0.035462,0.213835
B-CPU-DETREp-0001,fb93389,development,pin_insertion,wrong_up_axis,spatial,ablation-no-task-validator,0,CSR-SCN-001,CSR-SCN-001,1,0,0,1,1,0,0,0.044811,0.234534
B-CPU-DETREp-0001,fb93389,development,pin_insertion,wrong_up_axis,spatial,ablation-fixed-repair-order,0,CSR-SCN-001,CSR-SCN-001,1,0,0,1,1,0,0,0.048444,0.246103
B-CPU-DETREp-0001,fb93389,development,pin_insertion,wrong_units,spatial,direct-conversion,0,CSR-SCN-002,,0,0,1,0,0,0,0,0.001153,0.0
B-CPU-DETREp-0001,fb93389,development,pin_insertion,wrong_units,spatial,fixed-rule-repair,0,CSR-SCN-002,CSR-SCN-002,1,0,0,1,1,0,0,0.046403,0.253802
B-CPU-DETREp-0001,fb93389,development,pin_insertion,wrong_units,spatial,ablation-no-provenance,0,CSR-SCN-002,CSR-SCN-002,1,0,0,1,1,0,0,0.036107,0.228119
B-CPU-DETREp-0001,fb93389,development,pin_insertion,wrong_units,spatial,ablation-no-task-validator,0,CSR-SCN-002,CSR-SCN-002,1,0,0,1,1,0,0,0.045236,0.240734
B-CPU-DETREp-0001,fb93389,development,pin_insertion,wrong_units,spatial,ablation-fixed-repair-order,0,CSR-SCN-002,CSR-SCN-002,1,0,0,1,1,0,0,0.05077,0.257293
B-CPU-DETREp-0001,fb93389,development,pin_insertion,missing_ifc_guid,identity,direct-conversion,0,CSR-SCN-003,,0,0,1,0,0,0,0,0.001126,0.0
B-CPU-DETREp-0001,fb93389,development,pin_insertion,missing_ifc_guid,identity,fixed-rule-repair,0,CSR-SCN-003,CSR-SCN-003,1,0,0,1,1,0,0,0.049339,0.257262
B-CPU-DETREp-0001,fb93389,development,pin_insertion,missing_ifc_guid,identity,ablation-no-provenance,0,CSR-SCN-003,CSR-SCN-003,1,0,0,1,1,0,0,0.036019,0.217669
B-CPU-DETREp-0001,fb93389,development,pin_insertion,missing_ifc_guid,identity,ablation-no-task-validator,0,CSR-SCN-003,CSR-SCN-003,1,0,0,1,1,0,0,0.045682,0.235634
B-CPU-DETREp-0001,fb93389,development,pin_insertion,missing_ifc_guid,identity,ablation-fixed-repair-order,0,CSR-SCN-003,CSR-SCN-003,1,0,0,1,1,0,0,0.049724,0.24496
B-CPU-DETREp-0001,fb93389,development,pin_insertion,missing_workzone_payload,composition,direct-conversion,0,CSR-SCN-005|CSR-SCN-029,,0,0,2,0,0,0,0,0.001154,0.0
B-CPU-DETREp-0001,fb93389,development,pin_insertion,missing_workzone_payload,composition,fixed-rule-repair,0,CSR-SCN-005|CSR-SCN-029,CSR-SCN-005|CSR-SCN-029,2,0,0,1,1,0,0,0.049162,0.265011
B-CPU-DETREp-0001,fb93389,development,pin_insertion,missing_workzone_payload,composition,ablation-no-provenance,0,CSR-SCN-005|CSR-SCN-029,CSR-SCN-005|CSR-SCN-029,2,0,0,1,1,0,0,0.035099,0.22632
B-CPU-DETREp-0001,fb93389,development,pin_insertion,missing_workzone_payload,composition,ablation-no-task-validator,0,CSR-SCN-005|CSR-SCN-029,CSR-SCN-005|CSR-SCN-029,2,0,0,1,1,0,0,0.047295,0.260973
B-CPU-DETREp-0001,fb93389,development,pin_insertion,missing_workzone_payload,composition,ablation-fixed-repair-order,0,CSR-SCN-005|CSR-SCN-029,CSR-SCN-005|CSR-SCN-029,2,0,0,1,1,0,0,0.052123,0.265624
B-CPU-DETREp-0001,fb93389,development,pin_insertion,missing_target_component,task,direct-conversion,0,CSR-SCN-008|CSR-SCN-028,,0,0,2,0,0,0,0,0.00112,0.0
B-CPU-DETREp-0001,fb93389,development,pin_insertion,missing_target_component,task,fixed-rule-repair,0,CSR-SCN-008|CSR-SCN-028,CSR-SCN-008|CSR-SCN-028,2,0,0,1,1,0,0,0.052136,0.268384
B-CPU-DETREp-0001,fb93389,development,pin_insertion,missing_target_component,task,ablation-no-provenance,0,CSR-SCN-008|CSR-SCN-028,CSR-SCN-008|CSR-SCN-028,2,0,0,1,1,0,0,0.036638,0.234488
B-CPU-DETREp-0001,fb93389,development,pin_insertion,missing_target_component,task,ablation-no-task-validator,0,CSR-SCN-008|CSR-SCN-028,CSR-SCN-028,1,0,1,0,1,0,0,0.044427,0.243058
B-CPU-DETREp-0001,fb93389,development,pin_insertion,missing_target_component,task,ablation-fixed-repair-order,0,CSR-SCN-008|CSR-SCN-028,CSR-SCN-008|CSR-SCN-028,2,0,0,1,1,0,0,0.047918,0.25936
B-CPU-DETREp-0001,fb93389,development,pin_insertion,missing_task_preconditions,task,direct-conversion,0,CSR-SCN-009,,0,0,1,0,0,0,0,0.001081,0.0
B-CPU-DETREp-0001,fb93389,development,pin_insertion,missing_task_preconditions,task,fixed-rule-repair,0,CSR-SCN-009,CSR-SCN-009,1,0,0,1,1,0,0,0.052893,0.257211
B-CPU-DETREp-0001,fb93389,development,pin_insertion,missing_task_preconditions,task,ablation-no-provenance,0,CSR-SCN-009,CSR-SCN-009,1,0,0,1,1,0,0,0.037036,0.22314
B-CPU-DETREp-0001,fb93389,development,pin_insertion,missing_task_preconditions,task,ablation-no-task-validator,0,CSR-SCN-009,,0,0,1,0,0,1,0,0.0453,0.215653
B-CPU-DETREp-0001,fb93389,development,pin_insertion,missing_task_preconditions,task,ablation-fixed-repair-order,0,CSR-SCN-009,CSR-SCN-009,1,0,0,1,1,0,0,0.048103,0.255382
B-CPU-DETREp-0001,fb93389,development,pin_insertion,missing_interface,interface,direct-conversion,0,CSR-SCN-012,,0,0,1,0,0,0,0,0.001077,0.0
B-CPU-DETREp-0001,fb93389,development,pin_insertion,missing_interface,interface,fixed-rule-repair,0,CSR-SCN-012,CSR-SCN-012,1,0,0,1,1,0,0,0.048859,0.239558
B-CPU-DETREp-0001,fb93389,development,pin_insertion,missing_interface,interface,ablation-no-provenance,0,CSR-SCN-012,CSR-SCN-012,1,0,0,1,1,0,0,0.03468,0.223655
B-CPU-DETREp-0001,fb93389,development,pin_insertion,missing_interface,interface,ablation-no-task-validator,0,CSR-SCN-012,CSR-SCN-012,1,0,0,1,1,0,0,0.049462,0.255468
B-CPU-DETREp-0001,fb93389,development,pin_insertion,missing_interface,interface,ablation-fixed-repair-order,0,CSR-SCN-012,CSR-SCN-012,1,0,0,1,1,0,0,0.049238,0.247905
B-CPU-DETREp-0001,fb93389,development,pin_insertion,missing_mass_provenance,provenance,direct-conversion,0,CSR-SCN-015,,0,0,1,0,0,0,0,0.001222,0.0
B-CPU-DETREp-0001,fb93389,development,pin_insertion,missing_mass_provenance,provenance,fixed-rule-repair,0,CSR-SCN-015,CSR-SCN-015,1,0,0,1,1,0,0,0.042075,0.253199
B-CPU-DETREp-0001,fb93389,development,pin_insertion,missing_mass_provenance,provenance,ablation-no-provenance,0,CSR-SCN-015,,0,0,1,0,0,1,0,0.034203,0.164464
B-CPU-DETREp-0001,fb93389,development,pin_insertion,missing_mass_provenance,provenance,ablation-no-task-validator,0,CSR-SCN-015,CSR-SCN-015,1,0,0,1,1,0,0,0.038197,0.245397
B-CPU-DETREp-0001,fb93389,development,pin_insertion,missing_mass_provenance,provenance,ablation-fixed-repair-order,0,CSR-SCN-015,CSR-SCN-015,1,0,0,1,1,0,0,0.040495,0.248209
B-CPU-DETREp-0001,fb93389,development,pin_insertion,missing_tool_binding,tool,direct-conversion,0,CSR-SCN-024,,0,0,1,0,0,0,0,0.001098,0.0
B-CPU-DETREp-0001,fb93389,development,pin_insertion,missing_tool_binding,tool,fixed-rule-repair,0,CSR-SCN-024,CSR-SCN-024,1,0,0,1,1,0,0,0.046894,0.248535
B-CPU-DETREp-0001,fb93389,development,pin_insertion,missing_tool_binding,tool,ablation-no-provenance,0,CSR-SCN-024,CSR-SCN-024,1,0,0,1,1,0,0,0.033929,0.220284
B-CPU-DETREp-0001,fb93389,development,pin_insertion,missing_tool_binding,tool,ablation-no-task-validator,0,CSR-SCN-024,CSR-SCN-024,1,0,0,1,1,0,0,0.043777,0.242307
B-CPU-DETREp-0001,fb93389,development,pin_insertion,missing_tool_binding,tool,ablation-fixed-repair-order,0,CSR-SCN-024,CSR-SCN-024,1,0,0,1,1,0,0,0.047602,0.247341
B-CPU-DETREp-0001,fb93389,development,sequential_assembly,wrong_up_axis,spatial,direct-conversion,0,CSR-SCN-001,,0,0,1,0,0,0,0,0.001068,0.0
B-CPU-DETREp-0001,fb93389,development,sequential_assembly,wrong_up_axis,spatial,fixed-rule-repair,0,CSR-SCN-001,CSR-SCN-001,1,0,0,1,1,0,0,0.055651,0.263174
B-CPU-DETREp-0001,fb93389,development,sequential_assembly,wrong_up_axis,spatial,ablation-no-provenance,0,CSR-SCN-001,CSR-SCN-001,1,0,0,1,1,0,0,0.037053,0.235043
B-CPU-DETREp-0001,fb93389,development,sequential_assembly,wrong_up_axis,spatial,ablation-no-task-validator,0,CSR-SCN-001,CSR-SCN-001,1,0,0,1,1,0,0,0.046057,0.249307
B-CPU-DETREp-0001,fb93389,development,sequential_assembly,wrong_up_axis,spatial,ablation-fixed-repair-order,0,CSR-SCN-001,CSR-SCN-001,1,0,0,1,1,0,0,0.051604,0.252312
B-CPU-DETREp-0001,fb93389,development,sequential_assembly,wrong_units,spatial,direct-conversion,0,CSR-SCN-002,,0,0,1,0,0,0,0,0.001118,0.0
B-CPU-DETREp-0001,fb93389,development,sequential_assembly,wrong_units,spatial,fixed-rule-repair,0,CSR-SCN-002,CSR-SCN-002,1,0,0,1,1,0,0,0.057652,0.269622
B-CPU-DETREp-0001,fb93389,development,sequential_assembly,wrong_units,spatial,ablation-no-provenance,0,CSR-SCN-002,CSR-SCN-002,1,0,0,1,1,0,0,0.038515,0.238893
B-CPU-DETREp-0001,fb93389,development,sequential_assembly,wrong_units,spatial,ablation-no-task-validator,0,CSR-SCN-002,CSR-SCN-002,1,0,0,1,1,0,0,0.048376,0.258447
B-CPU-DETREp-0001,fb93389,development,sequential_assembly,wrong_units,spatial,ablation-fixed-repair-order,0,CSR-SCN-002,CSR-SCN-002,1,0,0,1,1,0,0,0.051393,0.25767
B-CPU-DETREp-0001,fb93389,development,sequential_assembly,missing_ifc_guid,identity,direct-conversion,0,CSR-SCN-003,,0,0,1,0,0,0,0,0.001145,0.0
B-CPU-DETREp-0001,fb93389,development,sequential_assembly,missing_ifc_guid,identity,fixed-rule-repair,0,CSR-SCN-003,CSR-SCN-003,1,0,0,1,1,0,0,0.051485,0.265931
B-CPU-DETREp-0001,fb93389,development,sequential_assembly,missing_ifc_guid,identity,ablation-no-provenance,0,CSR-SCN-003,CSR-SCN-003,1,0,0,1,1,0,0,0.040862,0.234177
B-CPU-DETREp-0001,fb93389,development,sequential_assembly,missing_ifc_guid,identity,ablation-no-task-validator,0,CSR-SCN-003,CSR-SCN-003,1,0,0,1,1,0,0,0.051029,0.264691
B-CPU-DETREp-0001,fb93389,development,sequential_assembly,missing_ifc_guid,identity,ablation-fixed-repair-order,0,CSR-SCN-003,CSR-SCN-003,1,0,0,1,1,0,0,0.051756,0.261206
B-CPU-DETREp-0001,fb93389,development,sequential_assembly,missing_workzone_payload,composition,direct-conversion,0,CSR-SCN-005|CSR-SCN-029,,0,0,2,0,0,0,0,0.001085,0.0
B-CPU-DETREp-0001,fb93389,development,sequential_assembly,missing_workzone_payload,composition,fixed-rule-repair,0,CSR-SCN-005|CSR-SCN-029,CSR-SCN-005|CSR-SCN-029,2,0,0,1,1,0,0,0.051704,0.268451
B-CPU-DETREp-0001,fb93389,development,sequential_assembly,missing_workzone_payload,composition,ablation-no-provenance,0,CSR-SCN-005|CSR-SCN-029,CSR-SCN-005|CSR-SCN-029,2,0,0,1,1,0,0,0.044131,0.240146
B-CPU-DETREp-0001,fb93389,development,sequential_assembly,missing_workzone_payload,composition,ablation-no-task-validator,0,CSR-SCN-005|CSR-SCN-029,CSR-SCN-005|CSR-SCN-029,2,0,0,1,1,0,0,0.04909,0.267774
B-CPU-DETREp-0001,fb93389,development,sequential_assembly,missing_workzone_payload,composition,ablation-fixed-repair-order,0,CSR-SCN-005|CSR-SCN-029,CSR-SCN-005|CSR-SCN-029,2,0,0,1,1,0,0,0.053346,0.285991
B-CPU-DETREp-0001,fb93389,development,sequential_assembly,missing_target_component,task,direct-conversion,0,CSR-SCN-008|CSR-SCN-028,,0,0,2,0,0,0,0,0.001156,0.0
B-CPU-DETREp-0001,fb93389,development,sequential_assembly,missing_target_component,task,fixed-rule-repair,0,CSR-SCN-008|CSR-SCN-028,CSR-SCN-008|CSR-SCN-028,2,0,0,1,1,0,0,0.052929,0.279698
B-CPU-DETREp-0001,fb93389,development,sequential_assembly,missing_target_component,task,ablation-no-provenance,0,CSR-SCN-008|CSR-SCN-028,CSR-SCN-008|CSR-SCN-028,2,0,0,1,1,0,0,0.03971,0.241215
B-CPU-DETREp-0001,fb93389,development,sequential_assembly,missing_target_component,task,ablation-no-task-validator,0,CSR-SCN-008|CSR-SCN-028,CSR-SCN-028,1,0,1,0,1,0,0,0.046763,0.253159
B-CPU-DETREp-0001,fb93389,development,sequential_assembly,missing_target_component,task,ablation-fixed-repair-order,0,CSR-SCN-008|CSR-SCN-028,CSR-SCN-008|CSR-SCN-028,2,0,0,1,1,0,0,0.052865,0.279501
B-CPU-DETREp-0001,fb93389,development,sequential_assembly,missing_task_preconditions,task,direct-conversion,0,CSR-SCN-009,,0,0,1,0,0,0,0,0.001156,0.0
B-CPU-DETREp-0001,fb93389,development,sequential_assembly,missing_task_preconditions,task,fixed-rule-repair,0,CSR-SCN-009,CSR-SCN-009,1,0,0,1,1,0,0,0.051591,0.247816
B-CPU-DETREp-0001,fb93389,development,sequential_assembly,missing_task_preconditions,task,ablation-no-provenance,0,CSR-SCN-009,CSR-SCN-009,1,0,0,1,1,0,0,0.037387,0.225747
B-CPU-DETREp-0001,fb93389,development,sequential_assembly,missing_task_preconditions,task,ablation-no-task-validator,0,CSR-SCN-009,,0,0,1,0,0,1,0,0.045261,0.231178
B-CPU-DETREp-0001,fb93389,development,sequential_assembly,missing_task_preconditions,task,ablation-fixed-repair-order,0,CSR-SCN-009,CSR-SCN-009,1,0,0,1,1,0,0,0.05055,0.268888
B-CPU-DETREp-0001,fb93389,development,sequential_assembly,missing_interface,interface,direct-conversion,0,CSR-SCN-012,,0,0,1,0,0,0,0,0.001097,0.0
B-CPU-DETREp-0001,fb93389,development,sequential_assembly,missing_interface,interface,fixed-rule-repair,0,CSR-SCN-012,CSR-SCN-012,1,0,0,1,1,0,0,0.050838,0.24547
B-CPU-DETREp-0001,fb93389,development,sequential_assembly,missing_interface,interface,ablation-no-provenance,0,CSR-SCN-012,CSR-SCN-012,1,0,0,1,1,0,0,0.036793,0.232538
B-CPU-DETREp-0001,fb93389,development,sequential_assembly,missing_interface,interface,ablation-no-task-validator,0,CSR-SCN-012,CSR-SCN-012,1,0,0,1,1,0,0,0.04642,0.24784
B-CPU-DETREp-0001,fb93389,development,sequential_assembly,missing_interface,interface,ablation-fixed-repair-order,0,CSR-SCN-012,CSR-SCN-012,1,0,0,1,1,0,0,0.049377,0.258122
B-CPU-DETREp-0001,fb93389,development,sequential_assembly,missing_mass_provenance,provenance,direct-conversion,0,CSR-SCN-015,,0,0,1,0,0,0,0,0.001066,0.0
B-CPU-DETREp-0001,fb93389,development,sequential_assembly,missing_mass_provenance,provenance,fixed-rule-repair,0,CSR-SCN-015,CSR-SCN-015,1,0,0,1,1,0,0,0.044248,0.265358
B-CPU-DETREp-0001,fb93389,development,sequential_assembly,missing_mass_provenance,provenance,ablation-no-provenance,0,CSR-SCN-015,,0,0,1,0,0,1,0,0.035675,0.165463
B-CPU-DETREp-0001,fb93389,development,sequential_assembly,missing_mass_provenance,provenance,ablation-no-task-validator,0,CSR-SCN-015,CSR-SCN-015,1,0,0,1,1,0,0,0.041484,0.245498
B-CPU-DETREp-0001,fb93389,development,sequential_assembly,missing_mass_provenance,provenance,ablation-fixed-repair-order,0,CSR-SCN-015,CSR-SCN-015,1,0,0,1,1,0,0,0.046582,0.262852
B-CPU-DETREp-0001,fb93389,development,sequential_assembly,missing_tool_binding,tool,direct-conversion,0,CSR-SCN-024,,0,0,1,0,0,0,0,0.001234,0.0
B-CPU-DETREp-0001,fb93389,development,sequential_assembly,missing_tool_binding,tool,fixed-rule-repair,0,CSR-SCN-024,CSR-SCN-024,1,0,0,1,1,0,0,0.051172,0.261636
B-CPU-DETREp-0001,fb93389,development,sequential_assembly,missing_tool_binding,tool,ablation-no-provenance,0,CSR-SCN-024,CSR-SCN-024,1,0,0,1,1,0,0,0.042748,0.24528
B-CPU-DETREp-0001,fb93389,development,sequential_assembly,missing_tool_binding,tool,ablation-no-task-validator,0,CSR-SCN-024,CSR-SCN-024,1,0,0,1,1,0,0,0.049932,0.256872
B-CPU-DETREp-0001,fb93389,development,sequential_assembly,missing_tool_binding,tool,ablation-fixed-repair-order,0,CSR-SCN-024,CSR-SCN-024,1,0,0,1,1,0,0,0.052549,0.269478
B-CPU-DETREp-0001,fb93389,test,connection_plate_positioning__v001,duplicate_ifc_guid,identity,direct-conversion,0,CSR-SCN-004,,0,0,1,0,0,0,0,0.001163,0.0
B-CPU-DETREp-0001,fb93389,test,connection_plate_positioning__v001,duplicate_ifc_guid,identity,fixed-rule-repair,0,CSR-SCN-004,CSR-SCN-004,1,0,0,1,1,0,0,0.050938,0.255887
B-CPU-DETREp-0001,fb93389,test,connection_plate_positioning__v001,duplicate_ifc_guid,identity,ablation-no-provenance,0,CSR-SCN-004,CSR-SCN-004,1,0,0,1,1,0,0,0.040771,0.219448
B-CPU-DETREp-0001,fb93389,test,connection_plate_positioning__v001,duplicate_ifc_guid,identity,ablation-no-task-validator,0,CSR-SCN-004,CSR-SCN-004,1,0,0,1,1,0,0,0.048646,0.242467
B-CPU-DETREp-0001,fb93389,test,connection_plate_positioning__v001,duplicate_ifc_guid,identity,ablation-fixed-repair-order,0,CSR-SCN-004,CSR-SCN-004,1,0,0,1,1,0,0,0.04813,0.238022
B-CPU-DETREp-0001,fb93389,test,connection_plate_positioning__v001,wrong_interaction_lod,composition,direct-conversion,0,CSR-SCN-006,,0,0,1,0,0,0,0,0.001046,0.0
B-CPU-DETREp-0001,fb93389,test,connection_plate_positioning__v001,wrong_interaction_lod,composition,fixed-rule-repair,0,CSR-SCN-006,CSR-SCN-006,1,0,0,1,1,0,0,0.048615,0.244019
B-CPU-DETREp-0001,fb93389,test,connection_plate_positioning__v001,wrong_interaction_lod,composition,ablation-no-provenance,0,CSR-SCN-006,CSR-SCN-006,1,0,0,1,1,0,0,0.035879,0.216062
B-CPU-DETREp-0001,fb93389,test,connection_plate_positioning__v001,wrong_interaction_lod,composition,ablation-no-task-validator,0,CSR-SCN-006,CSR-SCN-006,1,0,0,1,1,0,0,0.043653,0.237304
B-CPU-DETREp-0001,fb93389,test,connection_plate_positioning__v001,wrong_interaction_lod,composition,ablation-fixed-repair-order,0,CSR-SCN-006,CSR-SCN-006,1,0,0,1,1,0,0,0.046979,0.232931
B-CPU-DETREp-0001,fb93389,test,connection_plate_positioning__v001,missing_robot_actor,task,direct-conversion,0,CSR-SCN-007|CSR-SCN-011,,0,0,2,0,0,0,0,0.001114,0.0
B-CPU-DETREp-0001,fb93389,test,connection_plate_positioning__v001,missing_robot_actor,task,fixed-rule-repair,0,CSR-SCN-007|CSR-SCN-011,CSR-SCN-007|CSR-SCN-011,2,0,0,1,1,0,0,0.053922,0.271039
B-CPU-DETREp-0001,fb93389,test,connection_plate_positioning__v001,missing_robot_actor,task,ablation-no-provenance,0,CSR-SCN-007|CSR-SCN-011,CSR-SCN-007|CSR-SCN-011,2,0,0,1,1,0,0,0.03974,0.241921
B-CPU-DETREp-0001,fb93389,test,connection_plate_positioning__v001,missing_robot_actor,task,ablation-no-task-validator,0,CSR-SCN-007|CSR-SCN-011,,0,0,2,0,0,1,0,0.044064,0.217024
B-CPU-DETREp-0001,fb93389,test,connection_plate_positioning__v001,missing_robot_actor,task,ablation-fixed-repair-order,0,CSR-SCN-007|CSR-SCN-011,CSR-SCN-007|CSR-SCN-011,2,0,0,1,1,0,0,0.049312,0.254804
B-CPU-DETREp-0001,fb93389,test,connection_plate_positioning__v001,missing_success_criteria,task,direct-conversion,0,CSR-SCN-010,,0,0,1,0,0,0,0,0.001098,0.0
B-CPU-DETREp-0001,fb93389,test,connection_plate_positioning__v001,missing_success_criteria,task,fixed-rule-repair,0,CSR-SCN-010,CSR-SCN-010,1,0,0,1,1,0,0,0.046631,0.239543
B-CPU-DETREp-0001,fb93389,test,connection_plate_positioning__v001,missing_success_criteria,task,ablation-no-provenance,0,CSR-SCN-010,CSR-SCN-010,1,0,0,1,1,0,0,0.034435,0.215779
B-CPU-DETREp-0001,fb93389,test,connection_plate_positioning__v001,missing_success_criteria,task,ablation-no-task-validator,0,CSR-SCN-010,,0,0,1,0,0,1,0,0.042967,0.225127
B-CPU-DETREp-0001,fb93389,test,connection_plate_positioning__v001,missing_success_criteria,task,ablation-fixed-repair-order,0,CSR-SCN-010,CSR-SCN-010,1,0,0,1,1,0,0,0.046614,0.243617
B-CPU-DETREp-0001,fb93389,test,connection_plate_positioning__v001,missing_robot_capability,embodiment,direct-conversion,0,CSR-SCN-011,,0,0,1,0,0,0,0,0.001011,0.0
B-CPU-DETREp-0001,fb93389,test,connection_plate_positioning__v001,missing_robot_capability,embodiment,fixed-rule-repair,0,CSR-SCN-011,CSR-SCN-011,1,0,0,1,1,0,0,0.048694,0.252024
B-CPU-DETREp-0001,fb93389,test,connection_plate_positioning__v001,missing_robot_capability,embodiment,ablation-no-provenance,0,CSR-SCN-011,CSR-SCN-011,1,0,0,1,1,0,0,0.035079,0.215782
B-CPU-DETREp-0001,fb93389,test,connection_plate_positioning__v001,missing_robot_capability,embodiment,ablation-no-task-validator,0,CSR-SCN-011,,0,0,1,0,0,1,0,0.042381,0.220424
B-CPU-DETREp-0001,fb93389,test,connection_plate_positioning__v001,missing_robot_capability,embodiment,ablation-fixed-repair-order,0,CSR-SCN-011,CSR-SCN-011,1,0,0,1,1,0,0,0.050547,0.249676
B-CPU-DETREp-0001,fb93389,test,connection_plate_positioning__v001,missing_interface_axis,interface,direct-conversion,0,CSR-SCN-013,,0,0,1,0,0,0,0,0.001068,0.0
B-CPU-DETREp-0001,fb93389,test,connection_plate_positioning__v001,missing_interface_axis,interface,fixed-rule-repair,0,CSR-SCN-013,CSR-SCN-013,1,0,0,1,1,0,0,0.046158,0.242539
B-CPU-DETREp-0001,fb93389,test,connection_plate_positioning__v001,missing_interface_axis,interface,ablation-no-provenance,0,CSR-SCN-013,CSR-SCN-013,1,0,0,1,1,0,0,0.033145,0.219153
B-CPU-DETREp-0001,fb93389,test,connection_plate_positioning__v001,missing_interface_axis,interface,ablation-no-task-validator,0,CSR-SCN-013,CSR-SCN-013,1,0,0,1,1,0,0,0.047499,0.24454
B-CPU-DETREp-0001,fb93389,test,connection_plate_positioning__v001,missing_interface_axis,interface,ablation-fixed-repair-order,0,CSR-SCN-013,CSR-SCN-013,1,0,0,1,1,0,0,0.047037,0.251656
B-CPU-DETREp-0001,fb93389,test,connection_plate_positioning__v001,missing_tolerance,interface,direct-conversion,0,CSR-SCN-014,,0,0,1,0,0,0,0,0.001158,0.0
B-CPU-DETREp-0001,fb93389,test,connection_plate_positioning__v001,missing_tolerance,interface,fixed-rule-repair,0,CSR-SCN-014,CSR-SCN-014,1,0,0,1,1,0,0,0.04834,0.255138
B-CPU-DETREp-0001,fb93389,test,connection_plate_positioning__v001,missing_tolerance,interface,ablation-no-provenance,0,CSR-SCN-014,CSR-SCN-014,1,0,0,1,1,0,0,0.037808,0.23496
B-CPU-DETREp-0001,fb93389,test,connection_plate_positioning__v001,missing_tolerance,interface,ablation-no-task-validator,0,CSR-SCN-014,CSR-SCN-014,1,0,0,1,1,0,0,0.04832,0.24874
B-CPU-DETREp-0001,fb93389,test,connection_plate_positioning__v001,missing_tolerance,interface,ablation-fixed-repair-order,0,CSR-SCN-014,CSR-SCN-014,1,0,0,1,1,0,0,0.050298,0.250281
B-CPU-DETREp-0001,fb93389,test,connection_plate_positioning__v001,invalid_provenance_confidence,provenance,direct-conversion,0,CSR-SCN-016,,0,0,1,0,0,0,0,0.00127,0.0
B-CPU-DETREp-0001,fb93389,test,connection_plate_positioning__v001,invalid_provenance_confidence,provenance,fixed-rule-repair,0,CSR-SCN-016,CSR-SCN-016,1,0,0,1,1,0,0,0.049923,0.259208
B-CPU-DETREp-0001,fb93389,test,connection_plate_positioning__v001,invalid_provenance_confidence,provenance,ablation-no-provenance,0,CSR-SCN-016,,0,0,1,0,0,1,0,0.034877,0.199143
B-CPU-DETREp-0001,fb93389,test,connection_plate_positioning__v001,invalid_provenance_confidence,provenance,ablation-no-task-validator,0,CSR-SCN-016,CSR-SCN-016,1,0,0,1,1,0,0,0.046996,0.245399
B-CPU-DETREp-0001,fb93389,test,connection_plate_positioning__v001,invalid_provenance_confidence,provenance,ablation-fixed-repair-order,0,CSR-SCN-016,CSR-SCN-016,1,0,0,1,1,0,0,0.049681,0.252208
B-CPU-DETREp-0001,fb93389,test,connection_plate_positioning__v001,nonpositive_mass,physics,direct-conversion,0,CSR-SCN-017,,0,0,1,0,0,0,0,0.001135,0.0
B-CPU-DETREp-0001,fb93389,test,connection_plate_positioning__v001,nonpositive_mass,physics,fixed-rule-repair,0,CSR-SCN-017,CSR-SCN-017,1,0,0,1,1,0,0,0.047221,0.24193
B-CPU-DETREp-0001,fb93389,test,connection_plate_positioning__v001,nonpositive_mass,physics,ablation-no-provenance,0,CSR-SCN-017,CSR-SCN-017,1,0,0,1,1,0,0,0.035811,0.213562
B-CPU-DETREp-0001,fb93389,test,connection_plate_positioning__v001,nonpositive_mass,physics,ablation-no-task-validator,0,CSR-SCN-017,CSR-SCN-017,1,0,0,1,1,0,0,0.04646,0.230492
B-CPU-DETREp-0001,fb93389,test,connection_plate_positioning__v001,nonpositive_mass,physics,ablation-fixed-repair-order,0,CSR-SCN-017,CSR-SCN-017,1,0,0,1,1,0,0,0.048034,0.23842
B-CPU-DETREp-0001,fb93389,test,connection_plate_positioning__v001,nonunit_interface_axis,interface,direct-conversion,0,CSR-SCN-018,,0,0,1,0,0,0,0,0.001087,0.0
B-CPU-DETREp-0001,fb93389,test,connection_plate_positioning__v001,nonunit_interface_axis,interface,fixed-rule-repair,0,CSR-SCN-018,CSR-SCN-018,1,0,0,1,1,0,0,0.049054,0.249668
B-CPU-DETREp-0001,fb93389,test,connection_plate_positioning__v001,nonunit_interface_axis,interface,ablation-no-provenance,0,CSR-SCN-018,CSR-SCN-018,1,0,0,1,1,0,0,0.036321,0.230445
B-CPU-DETREp-0001,fb93389,test,connection_plate_positioning__v001,nonunit_interface_axis,interface,ablation-no-task-validator,0,CSR-SCN-018,CSR-SCN-018,1,0,0,1,1,0,0,0.046942,0.250368
B-CPU-DETREp-0001,fb93389,test,connection_plate_positioning__v001,nonunit_interface_axis,interface,ablation-fixed-repair-order,0,CSR-SCN-018,CSR-SCN-018,1,0,0,1,1,0,0,0.050184,0.249712
B-CPU-DETREp-0001,fb93389,test,connection_plate_positioning__v001,nonpositive_tolerance,interface,direct-conversion,0,CSR-SCN-019,,0,0,1,0,0,0,0,0.001055,0.0
B-CPU-DETREp-0001,fb93389,test,connection_plate_positioning__v001,nonpositive_tolerance,interface,fixed-rule-repair,0,CSR-SCN-019,CSR-SCN-019,1,0,0,1,1,0,0,0.04837,0.246988
B-CPU-DETREp-0001,fb93389,test,connection_plate_positioning__v001,nonpositive_tolerance,interface,ablation-no-provenance,0,CSR-SCN-019,CSR-SCN-019,1,0,0,1,1,0,0,0.034585,0.218655
B-CPU-DETREp-0001,fb93389,test,connection_plate_positioning__v001,nonpositive_tolerance,interface,ablation-no-task-validator,0,CSR-SCN-019,CSR-SCN-019,1,0,0,1,1,0,0,0.047421,0.231875
B-CPU-DETREp-0001,fb93389,test,connection_plate_positioning__v001,nonpositive_tolerance,interface,ablation-fixed-repair-order,0,CSR-SCN-019,CSR-SCN-019,1,0,0,1,1,0,0,0.047135,0.237053
B-CPU-DETREp-0001,fb93389,test,connection_plate_positioning__v001,missing_mate_component,interface,direct-conversion,0,CSR-SCN-020|CSR-SCN-027,,0,0,2,0,0,0,0,0.001099,0.0
B-CPU-DETREp-0001,fb93389,test,connection_plate_positioning__v001,missing_mate_component,interface,fixed-rule-repair,0,CSR-SCN-020|CSR-SCN-027,CSR-SCN-020|CSR-SCN-027,2,0,0,1,1,0,0,0.050178,0.261732
B-CPU-DETREp-0001,fb93389,test,connection_plate_positioning__v001,missing_mate_component,interface,ablation-no-provenance,0,CSR-SCN-020|CSR-SCN-027,CSR-SCN-020|CSR-SCN-027,2,0,0,1,1,0,0,0.036354,0.224881
B-CPU-DETREp-0001,fb93389,test,connection_plate_positioning__v001,missing_mate_component,interface,ablation-no-task-validator,0,CSR-SCN-020|CSR-SCN-027,CSR-SCN-020|CSR-SCN-027,2,0,0,1,1,0,0,0.045202,0.244553
B-CPU-DETREp-0001,fb93389,test,connection_plate_positioning__v001,missing_mate_component,interface,ablation-fixed-repair-order,0,CSR-SCN-020|CSR-SCN-027,CSR-SCN-020|CSR-SCN-027,2,0,0,1,1,0,0,0.048501,0.262199
B-CPU-DETREp-0001,fb93389,test,connection_plate_positioning__v001,invalid_construction_state,state,direct-conversion,0,CSR-SCN-021,,0,0,1,0,0,0,0,0.000998,0.0
B-CPU-DETREp-0001,fb93389,test,connection_plate_positioning__v001,invalid_construction_state,state,fixed-rule-repair,0,CSR-SCN-021,CSR-SCN-021,1,0,0,1,1,0,0,0.049373,0.238146
B-CPU-DETREp-0001,fb93389,test,connection_plate_positioning__v001,invalid_construction_state,state,ablation-no-provenance,0,CSR-SCN-021,CSR-SCN-021,1,0,0,1,1,0,0,0.037371,0.21854
B-CPU-DETREp-0001,fb93389,test,connection_plate_positioning__v001,invalid_construction_state,state,ablation-no-task-validator,0,CSR-SCN-021,CSR-SCN-021,1,0,0,1,1,0,0,0.046259,0.241027
B-CPU-DETREp-0001,fb93389,test,connection_plate_positioning__v001,invalid_construction_state,state,ablation-fixed-repair-order,0,CSR-SCN-021,CSR-SCN-021,1,0,0,1,1,0,0,0.050429,0.253624
B-CPU-DETREp-0001,fb93389,test,connection_plate_positioning__v001,missing_component_workzone,composition,direct-conversion,0,CSR-SCN-022,,0,0,1,0,0,0,0,0.001066,0.0
B-CPU-DETREp-0001,fb93389,test,connection_plate_positioning__v001,missing_component_workzone,composition,fixed-rule-repair,0,CSR-SCN-022,CSR-SCN-022,1,0,0,1,1,0,0,0.051838,0.252991
B-CPU-DETREp-0001,fb93389,test,connection_plate_positioning__v001,missing_component_workzone,composition,ablation-no-provenance,0,CSR-SCN-022,CSR-SCN-022,1,0,0,1,1,0,0,0.038098,0.225924
B-CPU-DETREp-0001,fb93389,test,connection_plate_positioning__v001,missing_component_workzone,composition,ablation-no-task-validator,0,CSR-SCN-022,CSR-SCN-022,1,0,0,1,1,0,0,0.048411,0.248816
B-CPU-DETREp-0001,fb93389,test,connection_plate_positioning__v001,missing_component_workzone,composition,ablation-fixed-repair-order,0,CSR-SCN-022,CSR-SCN-022,1,0,0,1,1,0,0,0.048976,0.253259
B-CPU-DETREp-0001,fb93389,test,connection_plate_positioning__v001,missing_tool_capability,tool,direct-conversion,0,CSR-SCN-025,,0,0,1,0,0,0,0,0.001079,0.0
B-CPU-DETREp-0001,fb93389,test,connection_plate_positioning__v001,missing_tool_capability,tool,fixed-rule-repair,0,CSR-SCN-025,CSR-SCN-025,1,0,0,1,1,0,0,0.050781,0.293244
B-CPU-DETREp-0001,fb93389,test,connection_plate_positioning__v001,missing_tool_capability,tool,ablation-no-provenance,0,CSR-SCN-025,CSR-SCN-025,1,0,0,1,1,0,0,0.037422,0.230578
B-CPU-DETREp-0001,fb93389,test,connection_plate_positioning__v001,missing_tool_capability,tool,ablation-no-task-validator,0,CSR-SCN-025,CSR-SCN-025,1,0,0,1,1,0,0,0.046584,0.25067
B-CPU-DETREp-0001,fb93389,test,connection_plate_positioning__v001,missing_tool_capability,tool,ablation-fixed-repair-order,0,CSR-SCN-025,CSR-SCN-025,1,0,0,1,1,0,0,0.051052,0.243877
B-CPU-DETREp-0001,fb93389,test,connection_plate_positioning__v001,missing_interface_owner,interface,direct-conversion,0,CSR-SCN-026|CSR-SCN-028,,0,0,2,0,0,0,0,0.001124,0.0
B-CPU-DETREp-0001,fb93389,test,connection_plate_positioning__v001,missing_interface_owner,interface,fixed-rule-repair,0,CSR-SCN-026|CSR-SCN-028,CSR-SCN-026|CSR-SCN-028,2,0,0,1,1,0,0,0.048005,0.257409
B-CPU-DETREp-0001,fb93389,test,connection_plate_positioning__v001,missing_interface_owner,interface,ablation-no-provenance,0,CSR-SCN-026|CSR-SCN-028,CSR-SCN-026|CSR-SCN-028,2,0,0,1,1,0,0,0.037318,0.235487
B-CPU-DETREp-0001,fb93389,test,connection_plate_positioning__v001,missing_interface_owner,interface,ablation-no-task-validator,0,CSR-SCN-026|CSR-SCN-028,CSR-SCN-026|CSR-SCN-028,2,0,0,1,1,0,0,0.048602,0.257101
B-CPU-DETREp-0001,fb93389,test,connection_plate_positioning__v001,missing_interface_owner,interface,ablation-fixed-repair-order,0,CSR-SCN-026|CSR-SCN-028,CSR-SCN-026|CSR-SCN-028,2,0,0,1,1,0,0,0.048914,0.261693
B-CPU-DETREp-0001,fb93389,test,connection_plate_positioning__v001,dangling_mate_component,interface,direct-conversion,0,CSR-SCN-027,,0,0,1,0,0,0,0,0.001138,0.0
B-CPU-DETREp-0001,fb93389,test,connection_plate_positioning__v001,dangling_mate_component,interface,fixed-rule-repair,0,CSR-SCN-027,CSR-SCN-027,1,0,0,1,1,0,0,0.047895,0.239802
B-CPU-DETREp-0001,fb93389,test,connection_plate_positioning__v001,dangling_mate_component,interface,ablation-no-provenance,0,CSR-SCN-027,CSR-SCN-027,1,0,0,1,1,0,0,0.038052,0.223082
B-CPU-DETREp-0001,fb93389,test,connection_plate_positioning__v001,dangling_mate_component,interface,ablation-no-task-validator,0,CSR-SCN-027,CSR-SCN-027,1,0,0,1,1,0,0,0.046976,0.24386
B-CPU-DETREp-0001,fb93389,test,connection_plate_positioning__v001,dangling_mate_component,interface,ablation-fixed-repair-order,0,CSR-SCN-027,CSR-SCN-027,1,0,0,1,1,0,0,0.046861,0.239568
B-CPU-DETREp-0001,fb93389,test,connection_plate_positioning__v001,mismatched_task_interface_target,task,direct-conversion,0,CSR-SCN-028,,0,0,1,0,0,0,0,0.00107,0.0
B-CPU-DETREp-0001,fb93389,test,connection_plate_positioning__v001,mismatched_task_interface_target,task,fixed-rule-repair,0,CSR-SCN-028,CSR-SCN-028,1,0,0,1,1,0,0,0.048923,0.25229
B-CPU-DETREp-0001,fb93389,test,connection_plate_positioning__v001,mismatched_task_interface_target,task,ablation-no-provenance,0,CSR-SCN-028,CSR-SCN-028,1,0,0,1,1,0,0,0.034947,0.224953
B-CPU-DETREp-0001,fb93389,test,connection_plate_positioning__v001,mismatched_task_interface_target,task,ablation-no-task-validator,0,CSR-SCN-028,CSR-SCN-028,1,0,0,1,1,0,0,0.045593,0.241099
B-CPU-DETREp-0001,fb93389,test,connection_plate_positioning__v001,mismatched_task_interface_target,task,ablation-fixed-repair-order,0,CSR-SCN-028,CSR-SCN-028,1,0,0,1,1,0,0,0.048385,0.245275
B-CPU-DETREp-0001,fb93389,test,connection_plate_positioning__v001,incomplete_provenance_schema,provenance,direct-conversion,0,CSR-SCN-030,,0,0,1,0,0,0,0,0.000975,0.0
B-CPU-DETREp-0001,fb93389,test,connection_plate_positioning__v001,incomplete_provenance_schema,provenance,fixed-rule-repair,0,CSR-SCN-030,CSR-SCN-030,1,0,0,1,1,0,0,0.0506,0.257905
B-CPU-DETREp-0001,fb93389,test,connection_plate_positioning__v001,incomplete_provenance_schema,provenance,ablation-no-provenance,0,CSR-SCN-030,,0,0,1,0,0,1,0,0.034259,0.187018
B-CPU-DETREp-0001,fb93389,test,connection_plate_positioning__v001,incomplete_provenance_schema,provenance,ablation-no-task-validator,0,CSR-SCN-030,CSR-SCN-030,1,0,0,1,1,0,0,0.046425,0.251314
B-CPU-DETREp-0001,fb93389,test,connection_plate_positioning__v001,incomplete_provenance_schema,provenance,ablation-fixed-repair-order,0,CSR-SCN-030,CSR-SCN-030,1,0,0,1,1,0,0,0.047833,0.258911
B-CPU-DETREp-0001,fb93389,test,connection_plate_positioning__v001,compound_frame_and_payload,compound,direct-conversion,0,CSR-SCN-001|CSR-SCN-005|CSR-SCN-029,,0,0,3,0,0,0,0,0.001069,0.0
B-CPU-DETREp-0001,fb93389,test,connection_plate_positioning__v001,compound_frame_and_payload,compound,fixed-rule-repair,0,CSR-SCN-001|CSR-SCN-005|CSR-SCN-029,CSR-SCN-001|CSR-SCN-005|CSR-SCN-029,3,0,0,1,1,0,0,0.051869,0.270945
B-CPU-DETREp-0001,fb93389,test,connection_plate_positioning__v001,compound_frame_and_payload,compound,ablation-no-provenance,0,CSR-SCN-001|CSR-SCN-005|CSR-SCN-029,CSR-SCN-001|CSR-SCN-005|CSR-SCN-029,3,0,0,1,1,0,0,0.040753,0.245158
B-CPU-DETREp-0001,fb93389,test,connection_plate_positioning__v001,compound_frame_and_payload,compound,ablation-no-task-validator,0,CSR-SCN-001|CSR-SCN-005|CSR-SCN-029,CSR-SCN-001|CSR-SCN-005|CSR-SCN-029,3,0,0,1,1,0,0,0.049642,0.268704
B-CPU-DETREp-0001,fb93389,test,connection_plate_positioning__v001,compound_frame_and_payload,compound,ablation-fixed-repair-order,0,CSR-SCN-001|CSR-SCN-005|CSR-SCN-029,CSR-SCN-001|CSR-SCN-005|CSR-SCN-029,3,0,0,1,1,0,0,0.049632,0.272076
B-CPU-DETREp-0001,fb93389,test,connection_plate_positioning__v001,compound_task_contract,compound,direct-conversion,0,CSR-SCN-009|CSR-SCN-010,,0,0,2,0,0,0,0,0.001123,0.0
B-CPU-DETREp-0001,fb93389,test,connection_plate_positioning__v001,compound_task_contract,compound,fixed-rule-repair,0,CSR-SCN-009|CSR-SCN-010,CSR-SCN-009|CSR-SCN-010,2,0,0,1,1,0,0,0.049759,0.269266
B-CPU-DETREp-0001,fb93389,test,connection_plate_positioning__v001,compound_task_contract,compound,ablation-no-provenance,0,CSR-SCN-009|CSR-SCN-010,CSR-SCN-009|CSR-SCN-010,2,0,0,1,1,0,0,0.038832,0.242279
B-CPU-DETREp-0001,fb93389,test,connection_plate_positioning__v001,compound_task_contract,compound,ablation-no-task-validator,0,CSR-SCN-009|CSR-SCN-010,,0,0,2,0,0,1,0,0.045455,0.227558
B-CPU-DETREp-0001,fb93389,test,connection_plate_positioning__v001,compound_task_contract,compound,ablation-fixed-repair-order,0,CSR-SCN-009|CSR-SCN-010,CSR-SCN-009|CSR-SCN-010,2,0,0,1,1,0,0,0.049765,0.2593
B-CPU-DETREp-0001,fb93389,test,connection_plate_positioning__v001,compound_interface_physics,compound,direct-conversion,0,CSR-SCN-018|CSR-SCN-019,,0,0,2,0,0,0,0,0.001223,0.0
B-CPU-DETREp-0001,fb93389,test,connection_plate_positioning__v001,compound_interface_physics,compound,fixed-rule-repair,0,CSR-SCN-018|CSR-SCN-019,CSR-SCN-018|CSR-SCN-019,2,0,0,1,1,0,0,0.049131,0.265352
B-CPU-DETREp-0001,fb93389,test,connection_plate_positioning__v001,compound_interface_physics,compound,ablation-no-provenance,0,CSR-SCN-018|CSR-SCN-019,CSR-SCN-018|CSR-SCN-019,2,0,0,1,1,0,0,0.038429,0.238887
B-CPU-DETREp-0001,fb93389,test,connection_plate_positioning__v001,compound_interface_physics,compound,ablation-no-task-validator,0,CSR-SCN-018|CSR-SCN-019,CSR-SCN-018|CSR-SCN-019,2,0,0,1,1,0,0,0.044683,0.257807
B-CPU-DETREp-0001,fb93389,test,connection_plate_positioning__v001,compound_interface_physics,compound,ablation-fixed-repair-order,0,CSR-SCN-018|CSR-SCN-019,CSR-SCN-018|CSR-SCN-019,2,0,0,1,1,0,0,0.050632,0.267553
B-CPU-DETREp-0001,fb93389,test,connection_plate_positioning__v001,compound_identity_and_actor,compound,direct-conversion,0,CSR-SCN-004|CSR-SCN-007|CSR-SCN-011,,0,0,3,0,0,0,0,0.001147,0.0
B-CPU-DETREp-0001,fb93389,test,connection_plate_positioning__v001,compound_identity_and_actor,compound,fixed-rule-repair,0,CSR-SCN-004|CSR-SCN-007|CSR-SCN-011,CSR-SCN-004|CSR-SCN-007|CSR-SCN-011,3,0,0,1,1,0,0,0.056184,0.285775
B-CPU-DETREp-0001,fb93389,test,connection_plate_positioning__v001,compound_identity_and_actor,compound,ablation-no-provenance,0,CSR-SCN-004|CSR-SCN-007|CSR-SCN-011,CSR-SCN-004|CSR-SCN-007|CSR-SCN-011,3,0,0,1,1,0,0,0.039295,0.259907
B-CPU-DETREp-0001,fb93389,test,connection_plate_positioning__v001,compound_identity_and_actor,compound,ablation-no-task-validator,0,CSR-SCN-004|CSR-SCN-007|CSR-SCN-011,CSR-SCN-004,1,0,2,0,0,1,0,0.046359,0.237519
B-CPU-DETREp-0001,fb93389,test,connection_plate_positioning__v001,compound_identity_and_actor,compound,ablation-fixed-repair-order,0,CSR-SCN-004|CSR-SCN-007|CSR-SCN-011,CSR-SCN-004|CSR-SCN-007|CSR-SCN-011,3,0,0,1,1,0,0,0.051046,0.276709
B-CPU-DETREp-0001,fb93389,test,connection_plate_positioning__v001,compound_mass_and_provenance,compound,direct-conversion,0,CSR-SCN-015|CSR-SCN-017,,0,0,2,0,0,0,0,0.001187,0.0
B-CPU-DETREp-0001,fb93389,test,connection_plate_positioning__v001,compound_mass_and_provenance,compound,fixed-rule-repair,0,CSR-SCN-015|CSR-SCN-017,CSR-SCN-015|CSR-SCN-017,2,0,0,1,1,0,0,0.04617,0.271999
B-CPU-DETREp-0001,fb93389,test,connection_plate_positioning__v001,compound_mass_and_provenance,compound,ablation-no-provenance,0,CSR-SCN-015|CSR-SCN-017,CSR-SCN-017,1,0,1,0,0,1,0,0.036897,0.18164
B-CPU-DETREp-0001,fb93389,test,connection_plate_positioning__v001,compound_mass_and_provenance,compound,ablation-no-task-validator,0,CSR-SCN-015|CSR-SCN-017,CSR-SCN-015|CSR-SCN-017,2,0,0,1,1,0,0,0.040768,0.262011
B-CPU-DETREp-0001,fb93389,test,connection_plate_positioning__v001,compound_mass_and_provenance,compound,ablation-fixed-repair-order,0,CSR-SCN-015|CSR-SCN-017,CSR-SCN-015|CSR-SCN-017,2,0,0,1,1,0,0,0.043199,0.265836
B-CPU-DETREp-0001,fb93389,test,pin_insertion__v001,duplicate_ifc_guid,identity,direct-conversion,0,CSR-SCN-004,,0,0,1,0,0,0,0,0.001012,0.0
B-CPU-DETREp-0001,fb93389,test,pin_insertion__v001,duplicate_ifc_guid,identity,fixed-rule-repair,0,CSR-SCN-004,CSR-SCN-004,1,0,0,1,1,0,0,0.048663,0.253931
B-CPU-DETREp-0001,fb93389,test,pin_insertion__v001,duplicate_ifc_guid,identity,ablation-no-provenance,0,CSR-SCN-004,CSR-SCN-004,1,0,0,1,1,0,0,0.037484,0.226195
B-CPU-DETREp-0001,fb93389,test,pin_insertion__v001,duplicate_ifc_guid,identity,ablation-no-task-validator,0,CSR-SCN-004,CSR-SCN-004,1,0,0,1,1,0,0,0.047608,0.236135
B-CPU-DETREp-0001,fb93389,test,pin_insertion__v001,duplicate_ifc_guid,identity,ablation-fixed-repair-order,0,CSR-SCN-004,CSR-SCN-004,1,0,0,1,1,0,0,0.046964,0.235157
B-CPU-DETREp-0001,fb93389,test,pin_insertion__v001,wrong_interaction_lod,composition,direct-conversion,0,CSR-SCN-006,,0,0,1,0,0,0,0,0.001285,0.0
B-CPU-DETREp-0001,fb93389,test,pin_insertion__v001,wrong_interaction_lod,composition,fixed-rule-repair,0,CSR-SCN-006,CSR-SCN-006,1,0,0,1,1,0,0,0.047573,0.239617
B-CPU-DETREp-0001,fb93389,test,pin_insertion__v001,wrong_interaction_lod,composition,ablation-no-provenance,0,CSR-SCN-006,CSR-SCN-006,1,0,0,1,1,0,0,0.041841,0.222944
B-CPU-DETREp-0001,fb93389,test,pin_insertion__v001,wrong_interaction_lod,composition,ablation-no-task-validator,0,CSR-SCN-006,CSR-SCN-006,1,0,0,1,1,0,0,0.050707,0.243482
B-CPU-DETREp-0001,fb93389,test,pin_insertion__v001,wrong_interaction_lod,composition,ablation-fixed-repair-order,0,CSR-SCN-006,CSR-SCN-006,1,0,0,1,1,0,0,0.050079,0.244813
B-CPU-DETREp-0001,fb93389,test,pin_insertion__v001,missing_robot_actor,task,direct-conversion,0,CSR-SCN-007|CSR-SCN-011,,0,0,2,0,0,0,0,0.001231,0.0
B-CPU-DETREp-0001,fb93389,test,pin_insertion__v001,missing_robot_actor,task,fixed-rule-repair,0,CSR-SCN-007|CSR-SCN-011,CSR-SCN-007|CSR-SCN-011,2,0,0,1,1,0,0,0.052021,0.27023
B-CPU-DETREp-0001,fb93389,test,pin_insertion__v001,missing_robot_actor,task,ablation-no-provenance,0,CSR-SCN-007|CSR-SCN-011,CSR-SCN-007|CSR-SCN-011,2,0,0,1,1,0,0,0.039201,0.241683
B-CPU-DETREp-0001,fb93389,test,pin_insertion__v001,missing_robot_actor,task,ablation-no-task-validator,0,CSR-SCN-007|CSR-SCN-011,,0,0,2,0,0,1,0,0.044753,0.216559
B-CPU-DETREp-0001,fb93389,test,pin_insertion__v001,missing_robot_actor,task,ablation-fixed-repair-order,0,CSR-SCN-007|CSR-SCN-011,CSR-SCN-007|CSR-SCN-011,2,0,0,1,1,0,0,0.052051,0.257925
B-CPU-DETREp-0001,fb93389,test,pin_insertion__v001,missing_success_criteria,task,direct-conversion,0,CSR-SCN-010,,0,0,1,0,0,0,0,0.001075,0.0
B-CPU-DETREp-0001,fb93389,test,pin_insertion__v001,missing_success_criteria,task,fixed-rule-repair,0,CSR-SCN-010,CSR-SCN-010,1,0,0,1,1,0,0,0.0503,0.243461
B-CPU-DETREp-0001,fb93389,test,pin_insertion__v001,missing_success_criteria,task,ablation-no-provenance,0,CSR-SCN-010,CSR-SCN-010,1,0,0,1,1,0,0,0.035211,0.21949
B-CPU-DETREp-0001,fb93389,test,pin_insertion__v001,missing_success_criteria,task,ablation-no-task-validator,0,CSR-SCN-010,,0,0,1,0,0,1,0,0.04169,0.207336
B-CPU-DETREp-0001,fb93389,test,pin_insertion__v001,missing_success_criteria,task,ablation-fixed-repair-order,0,CSR-SCN-010,CSR-SCN-010,1,0,0,1,1,0,0,0.046938,0.249275
B-CPU-DETREp-0001,fb93389,test,pin_insertion__v001,missing_robot_capability,embodiment,direct-conversion,0,CSR-SCN-011,,0,0,1,0,0,0,0,0.001097,0.0
B-CPU-DETREp-0001,fb93389,test,pin_insertion__v001,missing_robot_capability,embodiment,fixed-rule-repair,0,CSR-SCN-011,CSR-SCN-011,1,0,0,1,1,0,0,0.046757,0.241722
B-CPU-DETREp-0001,fb93389,test,pin_insertion__v001,missing_robot_capability,embodiment,ablation-no-provenance,0,CSR-SCN-011,CSR-SCN-011,1,0,0,1,1,0,0,0.038051,0.222916
B-CPU-DETREp-0001,fb93389,test,pin_insertion__v001,missing_robot_capability,embodiment,ablation-no-task-validator,0,CSR-SCN-011,,0,0,1,0,0,1,0,0.04394,0.217751
B-CPU-DETREp-0001,fb93389,test,pin_insertion__v001,missing_robot_capability,embodiment,ablation-fixed-repair-order,0,CSR-SCN-011,CSR-SCN-011,1,0,0,1,1,0,0,0.048265,0.256267
B-CPU-DETREp-0001,fb93389,test,pin_insertion__v001,missing_interface_axis,interface,direct-conversion,0,CSR-SCN-013,,0,0,1,0,0,0,0,0.001006,0.0
B-CPU-DETREp-0001,fb93389,test,pin_insertion__v001,missing_interface_axis,interface,fixed-rule-repair,0,CSR-SCN-013,CSR-SCN-013,1,0,0,1,1,0,0,0.046933,0.251517
B-CPU-DETREp-0001,fb93389,test,pin_insertion__v001,missing_interface_axis,interface,ablation-no-provenance,0,CSR-SCN-013,CSR-SCN-013,1,0,0,1,1,0,0,0.036202,0.227639
B-CPU-DETREp-0001,fb93389,test,pin_insertion__v001,missing_interface_axis,interface,ablation-no-task-validator,0,CSR-SCN-013,CSR-SCN-013,1,0,0,1,1,0,0,0.046793,0.244024
B-CPU-DETREp-0001,fb93389,test,pin_insertion__v001,missing_interface_axis,interface,ablation-fixed-repair-order,0,CSR-SCN-013,CSR-SCN-013,1,0,0,1,1,0,0,0.047506,0.245117
B-CPU-DETREp-0001,fb93389,test,pin_insertion__v001,missing_tolerance,interface,direct-conversion,0,CSR-SCN-014,,0,0,1,0,0,0,0,0.001214,0.0
B-CPU-DETREp-0001,fb93389,test,pin_insertion__v001,missing_tolerance,interface,fixed-rule-repair,0,CSR-SCN-014,CSR-SCN-014,1,0,0,1,1,0,0,0.047416,0.246262
B-CPU-DETREp-0001,fb93389,test,pin_insertion__v001,missing_tolerance,interface,ablation-no-provenance,0,CSR-SCN-014,CSR-SCN-014,1,0,0,1,1,0,0,0.035086,0.224836
B-CPU-DETREp-0001,fb93389,test,pin_insertion__v001,missing_tolerance,interface,ablation-no-task-validator,0,CSR-SCN-014,CSR-SCN-014,1,0,0,1,1,0,0,0.045174,0.240536
B-CPU-DETREp-0001,fb93389,test,pin_insertion__v001,missing_tolerance,interface,ablation-fixed-repair-order,0,CSR-SCN-014,CSR-SCN-014,1,0,0,1,1,0,0,0.048514,0.246594
B-CPU-DETREp-0001,fb93389,test,pin_insertion__v001,invalid_provenance_confidence,provenance,direct-conversion,0,CSR-SCN-016,,0,0,1,0,0,0,0,0.001047,0.0
B-CPU-DETREp-0001,fb93389,test,pin_insertion__v001,invalid_provenance_confidence,provenance,fixed-rule-repair,0,CSR-SCN-016,CSR-SCN-016,1,0,0,1,1,0,0,0.048117,0.257963
B-CPU-DETREp-0001,fb93389,test,pin_insertion__v001,invalid_provenance_confidence,provenance,ablation-no-provenance,0,CSR-SCN-016,,0,0,1,0,0,1,0,0.032063,0.190997
B-CPU-DETREp-0001,fb93389,test,pin_insertion__v001,invalid_provenance_confidence,provenance,ablation-no-task-validator,0,CSR-SCN-016,CSR-SCN-016,1,0,0,1,1,0,0,0.046902,0.247587
B-CPU-DETREp-0001,fb93389,test,pin_insertion__v001,invalid_provenance_confidence,provenance,ablation-fixed-repair-order,0,CSR-SCN-016,CSR-SCN-016,1,0,0,1,1,0,0,0.047643,0.253867
B-CPU-DETREp-0001,fb93389,test,pin_insertion__v001,nonpositive_mass,physics,direct-conversion,0,CSR-SCN-017,,0,0,1,0,0,0,0,0.001077,0.0
B-CPU-DETREp-0001,fb93389,test,pin_insertion__v001,nonpositive_mass,physics,fixed-rule-repair,0,CSR-SCN-017,CSR-SCN-017,1,0,0,1,1,0,0,0.046085,0.237404
B-CPU-DETREp-0001,fb93389,test,pin_insertion__v001,nonpositive_mass,physics,ablation-no-provenance,0,CSR-SCN-017,CSR-SCN-017,1,0,0,1,1,0,0,0.03748,0.227385
B-CPU-DETREp-0001,fb93389,test,pin_insertion__v001,nonpositive_mass,physics,ablation-no-task-validator,0,CSR-SCN-017,CSR-SCN-017,1,0,0,1,1,0,0,0.048589,0.2465
B-CPU-DETREp-0001,fb93389,test,pin_insertion__v001,nonpositive_mass,physics,ablation-fixed-repair-order,0,CSR-SCN-017,CSR-SCN-017,1,0,0,1,1,0,0,0.047873,0.246678
B-CPU-DETREp-0001,fb93389,test,pin_insertion__v001,nonunit_interface_axis,interface,direct-conversion,0,CSR-SCN-018,,0,0,1,0,0,0,0,0.001057,0.0
B-CPU-DETREp-0001,fb93389,test,pin_insertion__v001,nonunit_interface_axis,interface,fixed-rule-repair,0,CSR-SCN-018,CSR-SCN-018,1,0,0,1,1,0,0,0.054755,0.249178
B-CPU-DETREp-0001,fb93389,test,pin_insertion__v001,nonunit_interface_axis,interface,ablation-no-provenance,0,CSR-SCN-018,CSR-SCN-018,1,0,0,1,1,0,0,0.034611,0.228136
B-CPU-DETREp-0001,fb93389,test,pin_insertion__v001,nonunit_interface_axis,interface,ablation-no-task-validator,0,CSR-SCN-018,CSR-SCN-018,1,0,0,1,1,0,0,0.04574,0.240753
B-CPU-DETREp-0001,fb93389,test,pin_insertion__v001,nonunit_interface_axis,interface,ablation-fixed-repair-order,0,CSR-SCN-018,CSR-SCN-018,1,0,0,1,1,0,0,0.048604,0.253256
B-CPU-DETREp-0001,fb93389,test,pin_insertion__v001,nonpositive_tolerance,interface,direct-conversion,0,CSR-SCN-019,,0,0,1,0,0,0,0,0.001188,0.0
B-CPU-DETREp-0001,fb93389,test,pin_insertion__v001,nonpositive_tolerance,interface,fixed-rule-repair,0,CSR-SCN-019,CSR-SCN-019,1,0,0,1,1,0,0,0.047718,0.253553
B-CPU-DETREp-0001,fb93389,test,pin_insertion__v001,nonpositive_tolerance,interface,ablation-no-provenance,0,CSR-SCN-019,CSR-SCN-019,1,0,0,1,1,0,0,0.0349,0.223613
B-CPU-DETREp-0001,fb93389,test,pin_insertion__v001,nonpositive_tolerance,interface,ablation-no-task-validator,0,CSR-SCN-019,CSR-SCN-019,1,0,0,1,1,0,0,0.044007,0.246429
B-CPU-DETREp-0001,fb93389,test,pin_insertion__v001,nonpositive_tolerance,interface,ablation-fixed-repair-order,0,CSR-SCN-019,CSR-SCN-019,1,0,0,1,1,0,0,0.050239,0.257531
B-CPU-DETREp-0001,fb93389,test,pin_insertion__v001,missing_mate_component,interface,direct-conversion,0,CSR-SCN-020|CSR-SCN-027,,0,0,2,0,0,0,0,0.001077,0.0
B-CPU-DETREp-0001,fb93389,test,pin_insertion__v001,missing_mate_component,interface,fixed-rule-repair,0,CSR-SCN-020|CSR-SCN-027,CSR-SCN-020|CSR-SCN-027,2,0,0,1,1,0,0,0.0505,0.270569
B-CPU-DETREp-0001,fb93389,test,pin_insertion__v001,missing_mate_component,interface,ablation-no-provenance,0,CSR-SCN-020|CSR-SCN-027,CSR-SCN-020|CSR-SCN-027,2,0,0,1,1,0,0,0.037961,0.239894
B-CPU-DETREp-0001,fb93389,test,pin_insertion__v001,missing_mate_component,interface,ablation-no-task-validator,0,CSR-SCN-020|CSR-SCN-027,CSR-SCN-020|CSR-SCN-027,2,0,0,1,1,0,0,0.046241,0.254592
B-CPU-DETREp-0001,fb93389,test,pin_insertion__v001,missing_mate_component,interface,ablation-fixed-repair-order,0,CSR-SCN-020|CSR-SCN-027,CSR-SCN-020|CSR-SCN-027,2,0,0,1,1,0,0,0.049121,0.253619
B-CPU-DETREp-0001,fb93389,test,pin_insertion__v001,invalid_construction_state,state,direct-conversion,0,CSR-SCN-021,,0,0,1,0,0,0,0,0.001043,0.0
B-CPU-DETREp-0001,fb93389,test,pin_insertion__v001,invalid_construction_state,state,fixed-rule-repair,0,CSR-SCN-021,CSR-SCN-021,1,0,0,1,1,0,0,0.046921,0.247683
B-CPU-DETREp-0001,fb93389,test,pin_insertion__v001,invalid_construction_state,state,ablation-no-provenance,0,CSR-SCN-021,CSR-SCN-021,1,0,0,1,1,0,0,0.038052,0.214066
B-CPU-DETREp-0001,fb93389,test,pin_insertion__v001,invalid_construction_state,state,ablation-no-task-validator,0,CSR-SCN-021,CSR-SCN-021,1,0,0,1,1,0,0,0.04555,0.243151
B-CPU-DETREp-0001,fb93389,test,pin_insertion__v001,invalid_construction_state,state,ablation-fixed-repair-order,0,CSR-SCN-021,CSR-SCN-021,1,0,0,1,1,0,0,0.047179,0.245909
B-CPU-DETREp-0001,fb93389,test,pin_insertion__v001,missing_component_workzone,composition,direct-conversion,0,CSR-SCN-022,,0,0,1,0,0,0,0,0.001198,0.0
B-CPU-DETREp-0001,fb93389,test,pin_insertion__v001,missing_component_workzone,composition,fixed-rule-repair,0,CSR-SCN-022,CSR-SCN-022,1,0,0,1,1,0,0,0.047554,0.234499
B-CPU-DETREp-0001,fb93389,test,pin_insertion__v001,missing_component_workzone,composition,ablation-no-provenance,0,CSR-SCN-022,CSR-SCN-022,1,0,0,1,1,0,0,0.03527,0.223205
B-CPU-DETREp-0001,fb93389,test,pin_insertion__v001,missing_component_workzone,composition,ablation-no-task-validator,0,CSR-SCN-022,CSR-SCN-022,1,0,0,1,1,0,0,0.044519,0.24244
B-CPU-DETREp-0001,fb93389,test,pin_insertion__v001,missing_component_workzone,composition,ablation-fixed-repair-order,0,CSR-SCN-022,CSR-SCN-022,1,0,0,1,1,0,0,0.050135,0.254694
B-CPU-DETREp-0001,fb93389,test,pin_insertion__v001,missing_tool_capability,tool,direct-conversion,0,CSR-SCN-025,,0,0,1,0,0,0,0,0.001201,0.0
B-CPU-DETREp-0001,fb93389,test,pin_insertion__v001,missing_tool_capability,tool,fixed-rule-repair,0,CSR-SCN-025,CSR-SCN-025,1,0,0,1,1,0,0,0.049262,0.255266
B-CPU-DETREp-0001,fb93389,test,pin_insertion__v001,missing_tool_capability,tool,ablation-no-provenance,0,CSR-SCN-025,CSR-SCN-025,1,0,0,1,1,0,0,0.037263,0.224842
B-CPU-DETREp-0001,fb93389,test,pin_insertion__v001,missing_tool_capability,tool,ablation-no-task-validator,0,CSR-SCN-025,CSR-SCN-025,1,0,0,1,1,0,0,0.045255,0.245984
B-CPU-DETREp-0001,fb93389,test,pin_insertion__v001,missing_tool_capability,tool,ablation-fixed-repair-order,0,CSR-SCN-025,CSR-SCN-025,1,0,0,1,1,0,0,0.047251,0.24557
B-CPU-DETREp-0001,fb93389,test,pin_insertion__v001,missing_interface_owner,interface,direct-conversion,0,CSR-SCN-026|CSR-SCN-028,,0,0,2,0,0,0,0,0.00102,0.0
B-CPU-DETREp-0001,fb93389,test,pin_insertion__v001,missing_interface_owner,interface,fixed-rule-repair,0,CSR-SCN-026|CSR-SCN-028,CSR-SCN-026|CSR-SCN-028,2,0,0,1,1,0,0,0.049269,0.267941
B-CPU-DETREp-0001,fb93389,test,pin_insertion__v001,missing_interface_owner,interface,ablation-no-provenance,0,CSR-SCN-026|CSR-SCN-028,CSR-SCN-026|CSR-SCN-028,2,0,0,1,1,0,0,0.036993,0.23626
B-CPU-DETREp-0001,fb93389,test,pin_insertion__v001,missing_interface_owner,interface,ablation-no-task-validator,0,CSR-SCN-026|CSR-SCN-028,CSR-SCN-026|CSR-SCN-028,2,0,0,1,1,0,0,0.048882,0.259316
B-CPU-DETREp-0001,fb93389,test,pin_insertion__v001,missing_interface_owner,interface,ablation-fixed-repair-order,0,CSR-SCN-026|CSR-SCN-028,CSR-SCN-026|CSR-SCN-028,2,0,0,1,1,0,0,0.049637,0.260461
B-CPU-DETREp-0001,fb93389,test,pin_insertion__v001,dangling_mate_component,interface,direct-conversion,0,CSR-SCN-027,,0,0,1,0,0,0,0,0.001114,0.0
B-CPU-DETREp-0001,fb93389,test,pin_insertion__v001,dangling_mate_component,interface,fixed-rule-repair,0,CSR-SCN-027,CSR-SCN-027,1,0,0,1,1,0,0,0.048136,0.241341
B-CPU-DETREp-0001,fb93389,test,pin_insertion__v001,dangling_mate_component,interface,ablation-no-provenance,0,CSR-SCN-027,CSR-SCN-027,1,0,0,1,1,0,0,0.036233,0.217405
B-CPU-DETREp-0001,fb93389,test,pin_insertion__v001,dangling_mate_component,interface,ablation-no-task-validator,0,CSR-SCN-027,CSR-SCN-027,1,0,0,1,1,0,0,0.046304,0.232369
B-CPU-DETREp-0001,fb93389,test,pin_insertion__v001,dangling_mate_component,interface,ablation-fixed-repair-order,0,CSR-SCN-027,CSR-SCN-027,1,0,0,1,1,0,0,0.046742,0.2488
B-CPU-DETREp-0001,fb93389,test,pin_insertion__v001,mismatched_task_interface_target,task,direct-conversion,0,CSR-SCN-028,,0,0,1,0,0,0,0,0.001048,0.0
B-CPU-DETREp-0001,fb93389,test,pin_insertion__v001,mismatched_task_interface_target,task,fixed-rule-repair,0,CSR-SCN-028,CSR-SCN-028,1,0,0,1,1,0,0,0.049155,0.243096
B-CPU-DETREp-0001,fb93389,test,pin_insertion__v001,mismatched_task_interface_target,task,ablation-no-provenance,0,CSR-SCN-028,CSR-SCN-028,1,0,0,1,1,0,0,0.035507,0.223028
B-CPU-DETREp-0001,fb93389,test,pin_insertion__v001,mismatched_task_interface_target,task,ablation-no-task-validator,0,CSR-SCN-028,CSR-SCN-028,1,0,0,1,1,0,0,0.044254,0.244572
B-CPU-DETREp-0001,fb93389,test,pin_insertion__v001,mismatched_task_interface_target,task,ablation-fixed-repair-order,0,CSR-SCN-028,CSR-SCN-028,1,0,0,1,1,0,0,0.048305,0.250971
B-CPU-DETREp-0001,fb93389,test,pin_insertion__v001,incomplete_provenance_schema,provenance,direct-conversion,0,CSR-SCN-030,,0,0,1,0,0,0,0,0.001124,0.0
B-CPU-DETREp-0001,fb93389,test,pin_insertion__v001,incomplete_provenance_schema,provenance,fixed-rule-repair,0,CSR-SCN-030,CSR-SCN-030,1,0,0,1,1,0,0,0.050317,0.252323
B-CPU-DETREp-0001,fb93389,test,pin_insertion__v001,incomplete_provenance_schema,provenance,ablation-no-provenance,0,CSR-SCN-030,,0,0,1,0,0,1,0,0.036044,0.205016
B-CPU-DETREp-0001,fb93389,test,pin_insertion__v001,incomplete_provenance_schema,provenance,ablation-no-task-validator,0,CSR-SCN-030,CSR-SCN-030,1,0,0,1,1,0,0,0.049767,0.259554
B-CPU-DETREp-0001,fb93389,test,pin_insertion__v001,incomplete_provenance_schema,provenance,ablation-fixed-repair-order,0,CSR-SCN-030,CSR-SCN-030,1,0,0,1,1,0,0,0.051908,0.264828
B-CPU-DETREp-0001,fb93389,test,pin_insertion__v001,compound_frame_and_payload,compound,direct-conversion,0,CSR-SCN-001|CSR-SCN-005|CSR-SCN-029,,0,0,3,0,0,0,0,0.001121,0.0
B-CPU-DETREp-0001,fb93389,test,pin_insertion__v001,compound_frame_and_payload,compound,fixed-rule-repair,0,CSR-SCN-001|CSR-SCN-005|CSR-SCN-029,CSR-SCN-001|CSR-SCN-005|CSR-SCN-029,3,0,0,1,1,0,0,0.051748,0.275555
B-CPU-DETREp-0001,fb93389,test,pin_insertion__v001,compound_frame_and_payload,compound,ablation-no-provenance,0,CSR-SCN-001|CSR-SCN-005|CSR-SCN-029,CSR-SCN-001|CSR-SCN-005|CSR-SCN-029,3,0,0,1,1,0,0,0.037993,0.251207
B-CPU-DETREp-0001,fb93389,test,pin_insertion__v001,compound_frame_and_payload,compound,ablation-no-task-validator,0,CSR-SCN-001|CSR-SCN-005|CSR-SCN-029,CSR-SCN-001|CSR-SCN-005|CSR-SCN-029,3,0,0,1,1,0,0,0.046363,0.254776
B-CPU-DETREp-0001,fb93389,test,pin_insertion__v001,compound_frame_and_payload,compound,ablation-fixed-repair-order,0,CSR-SCN-001|CSR-SCN-005|CSR-SCN-029,CSR-SCN-001|CSR-SCN-005|CSR-SCN-029,3,0,0,1,1,0,0,0.049326,0.26962
B-CPU-DETREp-0001,fb93389,test,pin_insertion__v001,compound_task_contract,compound,direct-conversion,0,CSR-SCN-009|CSR-SCN-010,,0,0,2,0,0,0,0,0.00112,0.0
B-CPU-DETREp-0001,fb93389,test,pin_insertion__v001,compound_task_contract,compound,fixed-rule-repair,0,CSR-SCN-009|CSR-SCN-010,CSR-SCN-009|CSR-SCN-010,2,0,0,1,1,0,0,0.047514,0.265377
B-CPU-DETREp-0001,fb93389,test,pin_insertion__v001,compound_task_contract,compound,ablation-no-provenance,0,CSR-SCN-009|CSR-SCN-010,CSR-SCN-009|CSR-SCN-010,2,0,0,1,1,0,0,0.035554,0.231412
B-CPU-DETREp-0001,fb93389,test,pin_insertion__v001,compound_task_contract,compound,ablation-no-task-validator,0,CSR-SCN-009|CSR-SCN-010,,0,0,2,0,0,1,0,0.042656,0.230014
B-CPU-DETREp-0001,fb93389,test,pin_insertion__v001,compound_task_contract,compound,ablation-fixed-repair-order,0,CSR-SCN-009|CSR-SCN-010,CSR-SCN-009|CSR-SCN-010,2,0,0,1,1,0,0,0.048083,0.259077
B-CPU-DETREp-0001,fb93389,test,pin_insertion__v001,compound_interface_physics,compound,direct-conversion,0,CSR-SCN-018|CSR-SCN-019,,0,0,2,0,0,0,0,0.001027,0.0
B-CPU-DETREp-0001,fb93389,test,pin_insertion__v001,compound_interface_physics,compound,fixed-rule-repair,0,CSR-SCN-018|CSR-SCN-019,CSR-SCN-018|CSR-SCN-019,2,0,0,1,1,0,0,0.048637,0.259941
B-CPU-DETREp-0001,fb93389,test,pin_insertion__v001,compound_interface_physics,compound,ablation-no-provenance,0,CSR-SCN-018|CSR-SCN-019,CSR-SCN-018|CSR-SCN-019,2,0,0,1,1,0,0,0.036308,0.237861
B-CPU-DETREp-0001,fb93389,test,pin_insertion__v001,compound_interface_physics,compound,ablation-no-task-validator,0,CSR-SCN-018|CSR-SCN-019,CSR-SCN-018|CSR-SCN-019,2,0,0,1,1,0,0,0.047597,0.266725
B-CPU-DETREp-0001,fb93389,test,pin_insertion__v001,compound_interface_physics,compound,ablation-fixed-repair-order,0,CSR-SCN-018|CSR-SCN-019,CSR-SCN-018|CSR-SCN-019,2,0,0,1,1,0,0,0.048575,0.264052
B-CPU-DETREp-0001,fb93389,test,pin_insertion__v001,compound_identity_and_actor,compound,direct-conversion,0,CSR-SCN-004|CSR-SCN-007|CSR-SCN-011,,0,0,3,0,0,0,0,0.000992,0.0
B-CPU-DETREp-0001,fb93389,test,pin_insertion__v001,compound_identity_and_actor,compound,fixed-rule-repair,0,CSR-SCN-004|CSR-SCN-007|CSR-SCN-011,CSR-SCN-004|CSR-SCN-007|CSR-SCN-011,3,0,0,1,1,0,0,0.05241,0.282217
B-CPU-DETREp-0001,fb93389,test,pin_insertion__v001,compound_identity_and_actor,compound,ablation-no-provenance,0,CSR-SCN-004|CSR-SCN-007|CSR-SCN-011,CSR-SCN-004|CSR-SCN-007|CSR-SCN-011,3,0,0,1,1,0,0,0.04211,0.249766
B-CPU-DETREp-0001,fb93389,test,pin_insertion__v001,compound_identity_and_actor,compound,ablation-no-task-validator,0,CSR-SCN-004|CSR-SCN-007|CSR-SCN-011,CSR-SCN-004,1,0,2,0,0,1,0,0.045681,0.236194
B-CPU-DETREp-0001,fb93389,test,pin_insertion__v001,compound_identity_and_actor,compound,ablation-fixed-repair-order,0,CSR-SCN-004|CSR-SCN-007|CSR-SCN-011,CSR-SCN-004|CSR-SCN-007|CSR-SCN-011,3,0,0,1,1,0,0,0.050719,0.277461
B-CPU-DETREp-0001,fb93389,test,pin_insertion__v001,compound_mass_and_provenance,compound,direct-conversion,0,CSR-SCN-015|CSR-SCN-017,,0,0,2,0,0,0,0,0.001222,0.0
B-CPU-DETREp-0001,fb93389,test,pin_insertion__v001,compound_mass_and_provenance,compound,fixed-rule-repair,0,CSR-SCN-015|CSR-SCN-017,CSR-SCN-015|CSR-SCN-017,2,0,0,1,1,0,0,0.043316,0.262482
B-CPU-DETREp-0001,fb93389,test,pin_insertion__v001,compound_mass_and_provenance,compound,ablation-no-provenance,0,CSR-SCN-015|CSR-SCN-017,CSR-SCN-017,1,0,1,0,0,1,0,0.036381,0.187258
B-CPU-DETREp-0001,fb93389,test,pin_insertion__v001,compound_mass_and_provenance,compound,ablation-no-task-validator,0,CSR-SCN-015|CSR-SCN-017,CSR-SCN-015|CSR-SCN-017,2,0,0,1,1,0,0,0.041082,0.258711
B-CPU-DETREp-0001,fb93389,test,pin_insertion__v001,compound_mass_and_provenance,compound,ablation-fixed-repair-order,0,CSR-SCN-015|CSR-SCN-017,CSR-SCN-015|CSR-SCN-017,2,0,0,1,1,0,0,0.043691,0.263671
B-CPU-DETREp-0001,fb93389,test,sequential_assembly__v001,duplicate_ifc_guid,identity,direct-conversion,0,CSR-SCN-004,,0,0,1,0,0,0,0,0.001194,0.0
B-CPU-DETREp-0001,fb93389,test,sequential_assembly__v001,duplicate_ifc_guid,identity,fixed-rule-repair,0,CSR-SCN-004,CSR-SCN-004,1,0,0,1,1,0,0,0.052782,0.260414
B-CPU-DETREp-0001,fb93389,test,sequential_assembly__v001,duplicate_ifc_guid,identity,ablation-no-provenance,0,CSR-SCN-004,CSR-SCN-004,1,0,0,1,1,0,0,0.038772,0.235896
B-CPU-DETREp-0001,fb93389,test,sequential_assembly__v001,duplicate_ifc_guid,identity,ablation-no-task-validator,0,CSR-SCN-004,CSR-SCN-004,1,0,0,1,1,0,0,0.047577,0.251535
B-CPU-DETREp-0001,fb93389,test,sequential_assembly__v001,duplicate_ifc_guid,identity,ablation-fixed-repair-order,0,CSR-SCN-004,CSR-SCN-004,1,0,0,1,1,0,0,0.051199,0.262983
B-CPU-DETREp-0001,fb93389,test,sequential_assembly__v001,wrong_interaction_lod,composition,direct-conversion,0,CSR-SCN-006,,0,0,1,0,0,0,0,0.001112,0.0
B-CPU-DETREp-0001,fb93389,test,sequential_assembly__v001,wrong_interaction_lod,composition,fixed-rule-repair,0,CSR-SCN-006,CSR-SCN-006,1,0,0,1,1,0,0,0.050715,0.267171
B-CPU-DETREp-0001,fb93389,test,sequential_assembly__v001,wrong_interaction_lod,composition,ablation-no-provenance,0,CSR-SCN-006,CSR-SCN-006,1,0,0,1,1,0,0,0.03995,0.234786
B-CPU-DETREp-0001,fb93389,test,sequential_assembly__v001,wrong_interaction_lod,composition,ablation-no-task-validator,0,CSR-SCN-006,CSR-SCN-006,1,0,0,1,1,0,0,0.049166,0.248406
B-CPU-DETREp-0001,fb93389,test,sequential_assembly__v001,wrong_interaction_lod,composition,ablation-fixed-repair-order,0,CSR-SCN-006,CSR-SCN-006,1,0,0,1,1,0,0,0.05173,0.261089
B-CPU-DETREp-0001,fb93389,test,sequential_assembly__v001,missing_robot_actor,task,direct-conversion,0,CSR-SCN-007|CSR-SCN-011,,0,0,2,0,0,0,0,0.001069,0.0
B-CPU-DETREp-0001,fb93389,test,sequential_assembly__v001,missing_robot_actor,task,fixed-rule-repair,0,CSR-SCN-007|CSR-SCN-011,CSR-SCN-007|CSR-SCN-011,2,0,0,1,1,0,0,0.054786,0.276376
B-CPU-DETREp-0001,fb93389,test,sequential_assembly__v001,missing_robot_actor,task,ablation-no-provenance,0,CSR-SCN-007|CSR-SCN-011,CSR-SCN-007|CSR-SCN-011,2,0,0,1,1,0,0,0.040144,0.254711
B-CPU-DETREp-0001,fb93389,test,sequential_assembly__v001,missing_robot_actor,task,ablation-no-task-validator,0,CSR-SCN-007|CSR-SCN-011,,0,0,2,0,0,1,0,0.043528,0.224433
B-CPU-DETREp-0001,fb93389,test,sequential_assembly__v001,missing_robot_actor,task,ablation-fixed-repair-order,0,CSR-SCN-007|CSR-SCN-011,CSR-SCN-007|CSR-SCN-011,2,0,0,1,1,0,0,0.05204,0.27842
B-CPU-DETREp-0001,fb93389,test,sequential_assembly__v001,missing_success_criteria,task,direct-conversion,0,CSR-SCN-010,,0,0,1,0,0,0,0,0.001008,0.0
B-CPU-DETREp-0001,fb93389,test,sequential_assembly__v001,missing_success_criteria,task,fixed-rule-repair,0,CSR-SCN-010,CSR-SCN-010,1,0,0,1,1,0,0,0.049652,0.256179
B-CPU-DETREp-0001,fb93389,test,sequential_assembly__v001,missing_success_criteria,task,ablation-no-provenance,0,CSR-SCN-010,CSR-SCN-010,1,0,0,1,1,0,0,0.03785,0.224029
B-CPU-DETREp-0001,fb93389,test,sequential_assembly__v001,missing_success_criteria,task,ablation-no-task-validator,0,CSR-SCN-010,,0,0,1,0,0,1,0,0.046519,0.225768
B-CPU-DETREp-0001,fb93389,test,sequential_assembly__v001,missing_success_criteria,task,ablation-fixed-repair-order,0,CSR-SCN-010,CSR-SCN-010,1,0,0,1,1,0,0,0.050052,0.274581
B-CPU-DETREp-0001,fb93389,test,sequential_assembly__v001,missing_robot_capability,embodiment,direct-conversion,0,CSR-SCN-011,,0,0,1,0,0,0,0,0.001052,0.0
B-CPU-DETREp-0001,fb93389,test,sequential_assembly__v001,missing_robot_capability,embodiment,fixed-rule-repair,0,CSR-SCN-011,CSR-SCN-011,1,0,0,1,1,0,0,0.053033,0.281614
B-CPU-DETREp-0001,fb93389,test,sequential_assembly__v001,missing_robot_capability,embodiment,ablation-no-provenance,0,CSR-SCN-011,CSR-SCN-011,1,0,0,1,1,0,0,0.047255,0.258344
B-CPU-DETREp-0001,fb93389,test,sequential_assembly__v001,missing_robot_capability,embodiment,ablation-no-task-validator,0,CSR-SCN-011,,0,0,1,0,0,1,0,0.043788,0.218109
B-CPU-DETREp-0001,fb93389,test,sequential_assembly__v001,missing_robot_capability,embodiment,ablation-fixed-repair-order,0,CSR-SCN-011,CSR-SCN-011,1,0,0,1,1,0,0,0.053188,0.281084
B-CPU-DETREp-0001,fb93389,test,sequential_assembly__v001,missing_interface_axis,interface,direct-conversion,0,CSR-SCN-013,,0,0,1,0,0,0,0,0.001023,0.0
B-CPU-DETREp-0001,fb93389,test,sequential_assembly__v001,missing_interface_axis,interface,fixed-rule-repair,0,CSR-SCN-013,CSR-SCN-013,1,0,0,1,1,0,0,0.048549,0.264852
B-CPU-DETREp-0001,fb93389,test,sequential_assembly__v001,missing_interface_axis,interface,ablation-no-provenance,0,CSR-SCN-013,CSR-SCN-013,1,0,0,1,1,0,0,0.038945,0.237609
B-CPU-DETREp-0001,fb93389,test,sequential_assembly__v001,missing_interface_axis,interface,ablation-no-task-validator,0,CSR-SCN-013,CSR-SCN-013,1,0,0,1,1,0,0,0.046916,0.256212
B-CPU-DETREp-0001,fb93389,test,sequential_assembly__v001,missing_interface_axis,interface,ablation-fixed-repair-order,0,CSR-SCN-013,CSR-SCN-013,1,0,0,1,1,0,0,0.048526,0.262852
B-CPU-DETREp-0001,fb93389,test,sequential_assembly__v001,missing_tolerance,interface,direct-conversion,0,CSR-SCN-014,,0,0,1,0,0,0,0,0.001136,0.0
B-CPU-DETREp-0001,fb93389,test,sequential_assembly__v001,missing_tolerance,interface,fixed-rule-repair,0,CSR-SCN-014,CSR-SCN-014,1,0,0,1,1,0,0,0.048524,0.244931
B-CPU-DETREp-0001,fb93389,test,sequential_assembly__v001,missing_tolerance,interface,ablation-no-provenance,0,CSR-SCN-014,CSR-SCN-014,1,0,0,1,1,0,0,0.043682,0.237196
B-CPU-DETREp-0001,fb93389,test,sequential_assembly__v001,missing_tolerance,interface,ablation-no-task-validator,0,CSR-SCN-014,CSR-SCN-014,1,0,0,1,1,0,0,0.049944,0.253505
B-CPU-DETREp-0001,fb93389,test,sequential_assembly__v001,missing_tolerance,interface,ablation-fixed-repair-order,0,CSR-SCN-014,CSR-SCN-014,1,0,0,1,1,0,0,0.052274,0.264262
B-CPU-DETREp-0001,fb93389,test,sequential_assembly__v001,invalid_provenance_confidence,provenance,direct-conversion,0,CSR-SCN-016,,0,0,1,0,0,0,0,0.00112,0.0
B-CPU-DETREp-0001,fb93389,test,sequential_assembly__v001,invalid_provenance_confidence,provenance,fixed-rule-repair,0,CSR-SCN-016,CSR-SCN-016,1,0,0,1,1,0,0,0.049718,0.265726
B-CPU-DETREp-0001,fb93389,test,sequential_assembly__v001,invalid_provenance_confidence,provenance,ablation-no-provenance,0,CSR-SCN-016,,0,0,1,0,0,1,0,0.0367,0.203532
B-CPU-DETREp-0001,fb93389,test,sequential_assembly__v001,invalid_provenance_confidence,provenance,ablation-no-task-validator,0,CSR-SCN-016,CSR-SCN-016,1,0,0,1,1,0,0,0.047828,0.262386
B-CPU-DETREp-0001,fb93389,test,sequential_assembly__v001,invalid_provenance_confidence,provenance,ablation-fixed-repair-order,0,CSR-SCN-016,CSR-SCN-016,1,0,0,1,1,0,0,0.053764,0.277543
B-CPU-DETREp-0001,fb93389,test,sequential_assembly__v001,nonpositive_mass,physics,direct-conversion,0,CSR-SCN-017,,0,0,1,0,0,0,0,0.001087,0.0
B-CPU-DETREp-0001,fb93389,test,sequential_assembly__v001,nonpositive_mass,physics,fixed-rule-repair,0,CSR-SCN-017,CSR-SCN-017,1,0,0,1,1,0,0,0.051806,0.266095
B-CPU-DETREp-0001,fb93389,test,sequential_assembly__v001,nonpositive_mass,physics,ablation-no-provenance,0,CSR-SCN-017,CSR-SCN-017,1,0,0,1,1,0,0,0.039726,0.232455
B-CPU-DETREp-0001,fb93389,test,sequential_assembly__v001,nonpositive_mass,physics,ablation-no-task-validator,0,CSR-SCN-017,CSR-SCN-017,1,0,0,1,1,0,0,0.048275,0.251746
B-CPU-DETREp-0001,fb93389,test,sequential_assembly__v001,nonpositive_mass,physics,ablation-fixed-repair-order,0,CSR-SCN-017,CSR-SCN-017,1,0,0,1,1,0,0,0.051341,0.260282
B-CPU-DETREp-0001,fb93389,test,sequential_assembly__v001,nonunit_interface_axis,interface,direct-conversion,0,CSR-SCN-018,,0,0,1,0,0,0,0,0.001088,0.0
B-CPU-DETREp-0001,fb93389,test,sequential_assembly__v001,nonunit_interface_axis,interface,fixed-rule-repair,0,CSR-SCN-018,CSR-SCN-018,1,0,0,1,1,0,0,0.052793,0.264224
B-CPU-DETREp-0001,fb93389,test,sequential_assembly__v001,nonunit_interface_axis,interface,ablation-no-provenance,0,CSR-SCN-018,CSR-SCN-018,1,0,0,1,1,0,0,0.038299,0.225048
B-CPU-DETREp-0001,fb93389,test,sequential_assembly__v001,nonunit_interface_axis,interface,ablation-no-task-validator,0,CSR-SCN-018,CSR-SCN-018,1,0,0,1,1,0,0,0.045289,0.242672
B-CPU-DETREp-0001,fb93389,test,sequential_assembly__v001,nonunit_interface_axis,interface,ablation-fixed-repair-order,0,CSR-SCN-018,CSR-SCN-018,1,0,0,1,1,0,0,0.049694,0.256271
B-CPU-DETREp-0001,fb93389,test,sequential_assembly__v001,nonpositive_tolerance,interface,direct-conversion,0,CSR-SCN-019,,0,0,1,0,0,0,0,0.001053,0.0
B-CPU-DETREp-0001,fb93389,test,sequential_assembly__v001,nonpositive_tolerance,interface,fixed-rule-repair,0,CSR-SCN-019,CSR-SCN-019,1,0,0,1,1,0,0,0.050002,0.256482
B-CPU-DETREp-0001,fb93389,test,sequential_assembly__v001,nonpositive_tolerance,interface,ablation-no-provenance,0,CSR-SCN-019,CSR-SCN-019,1,0,0,1,1,0,0,0.037661,0.225468
B-CPU-DETREp-0001,fb93389,test,sequential_assembly__v001,nonpositive_tolerance,interface,ablation-no-task-validator,0,CSR-SCN-019,CSR-SCN-019,1,0,0,1,1,0,0,0.046251,0.246655
B-CPU-DETREp-0001,fb93389,test,sequential_assembly__v001,nonpositive_tolerance,interface,ablation-fixed-repair-order,0,CSR-SCN-019,CSR-SCN-019,1,0,0,1,1,0,0,0.05092,0.244942
B-CPU-DETREp-0001,fb93389,test,sequential_assembly__v001,missing_mate_component,interface,direct-conversion,0,CSR-SCN-020|CSR-SCN-027,,0,0,2,0,0,0,0,0.001084,0.0
B-CPU-DETREp-0001,fb93389,test,sequential_assembly__v001,missing_mate_component,interface,fixed-rule-repair,0,CSR-SCN-020|CSR-SCN-027,CSR-SCN-020|CSR-SCN-027,2,0,0,1,1,0,0,0.055198,0.270913
B-CPU-DETREp-0001,fb93389,test,sequential_assembly__v001,missing_mate_component,interface,ablation-no-provenance,0,CSR-SCN-020|CSR-SCN-027,CSR-SCN-020|CSR-SCN-027,2,0,0,1,1,0,0,0.03854,0.247587
B-CPU-DETREp-0001,fb93389,test,sequential_assembly__v001,missing_mate_component,interface,ablation-no-task-validator,0,CSR-SCN-020|CSR-SCN-027,CSR-SCN-020|CSR-SCN-027,2,0,0,1,1,0,0,0.047284,0.26302
B-CPU-DETREp-0001,fb93389,test,sequential_assembly__v001,missing_mate_component,interface,ablation-fixed-repair-order,0,CSR-SCN-020|CSR-SCN-027,CSR-SCN-020|CSR-SCN-027,2,0,0,1,1,0,0,0.050004,0.26873
B-CPU-DETREp-0001,fb93389,test,sequential_assembly__v001,invalid_construction_state,state,direct-conversion,0,CSR-SCN-021,,0,0,1,0,0,0,0,0.000948,0.0
B-CPU-DETREp-0001,fb93389,test,sequential_assembly__v001,invalid_construction_state,state,fixed-rule-repair,0,CSR-SCN-021,CSR-SCN-021,1,0,0,1,1,0,0,0.048835,0.251426
B-CPU-DETREp-0001,fb93389,test,sequential_assembly__v001,invalid_construction_state,state,ablation-no-provenance,0,CSR-SCN-021,CSR-SCN-021,1,0,0,1,1,0,0,0.038378,0.236979
B-CPU-DETREp-0001,fb93389,test,sequential_assembly__v001,invalid_construction_state,state,ablation-no-task-validator,0,CSR-SCN-021,CSR-SCN-021,1,0,0,1,1,0,0,0.047319,0.245071
B-CPU-DETREp-0001,fb93389,test,sequential_assembly__v001,invalid_construction_state,state,ablation-fixed-repair-order,0,CSR-SCN-021,CSR-SCN-021,1,0,0,1,1,0,0,0.049553,0.24913
B-CPU-DETREp-0001,fb93389,test,sequential_assembly__v001,missing_component_workzone,composition,direct-conversion,0,CSR-SCN-022,,0,0,1,0,0,0,0,0.000987,0.0
B-CPU-DETREp-0001,fb93389,test,sequential_assembly__v001,missing_component_workzone,composition,fixed-rule-repair,0,CSR-SCN-022,CSR-SCN-022,1,0,0,1,1,0,0,0.048955,0.253763
B-CPU-DETREp-0001,fb93389,test,sequential_assembly__v001,missing_component_workzone,composition,ablation-no-provenance,0,CSR-SCN-022,CSR-SCN-022,1,0,0,1,1,0,0,0.036959,0.225078
B-CPU-DETREp-0001,fb93389,test,sequential_assembly__v001,missing_component_workzone,composition,ablation-no-task-validator,0,CSR-SCN-022,CSR-SCN-022,1,0,0,1,1,0,0,0.052852,0.2586
B-CPU-DETREp-0001,fb93389,test,sequential_assembly__v001,missing_component_workzone,composition,ablation-fixed-repair-order,0,CSR-SCN-022,CSR-SCN-022,1,0,0,1,1,0,0,0.052487,0.25834
B-CPU-DETREp-0001,fb93389,test,sequential_assembly__v001,missing_tool_capability,tool,direct-conversion,0,CSR-SCN-025,,0,0,1,0,0,0,0,0.001113,0.0
B-CPU-DETREp-0001,fb93389,test,sequential_assembly__v001,missing_tool_capability,tool,fixed-rule-repair,0,CSR-SCN-025,CSR-SCN-025,1,0,0,1,1,0,0,0.054569,0.289268
B-CPU-DETREp-0001,fb93389,test,sequential_assembly__v001,missing_tool_capability,tool,ablation-no-provenance,0,CSR-SCN-025,CSR-SCN-025,1,0,0,1,1,0,0,0.042602,0.256716
B-CPU-DETREp-0001,fb93389,test,sequential_assembly__v001,missing_tool_capability,tool,ablation-no-task-validator,0,CSR-SCN-025,CSR-SCN-025,1,0,0,1,1,0,0,0.048112,0.27169
B-CPU-DETREp-0001,fb93389,test,sequential_assembly__v001,missing_tool_capability,tool,ablation-fixed-repair-order,0,CSR-SCN-025,CSR-SCN-025,1,0,0,1,1,0,0,0.054395,0.27379
B-CPU-DETREp-0001,fb93389,test,sequential_assembly__v001,missing_interface_owner,interface,direct-conversion,0,CSR-SCN-026|CSR-SCN-028,,0,0,2,0,0,0,0,0.001061,0.0
B-CPU-DETREp-0001,fb93389,test,sequential_assembly__v001,missing_interface_owner,interface,fixed-rule-repair,0,CSR-SCN-026|CSR-SCN-028,CSR-SCN-026|CSR-SCN-028,2,0,0,1,1,0,0,0.053368,0.26753
B-CPU-DETREp-0001,fb93389,test,sequential_assembly__v001,missing_interface_owner,interface,ablation-no-provenance,0,CSR-SCN-026|CSR-SCN-028,CSR-SCN-026|CSR-SCN-028,2,0,0,1,1,0,0,0.039373,0.245082
B-CPU-DETREp-0001,fb93389,test,sequential_assembly__v001,missing_interface_owner,interface,ablation-no-task-validator,0,CSR-SCN-026|CSR-SCN-028,CSR-SCN-026|CSR-SCN-028,2,0,0,1,1,0,0,0.048179,0.258755
B-CPU-DETREp-0001,fb93389,test,sequential_assembly__v001,missing_interface_owner,interface,ablation-fixed-repair-order,0,CSR-SCN-026|CSR-SCN-028,CSR-SCN-026|CSR-SCN-028,2,0,0,1,1,0,0,0.052314,0.275163
B-CPU-DETREp-0001,fb93389,test,sequential_assembly__v001,dangling_mate_component,interface,direct-conversion,0,CSR-SCN-027,,0,0,1,0,0,0,0,0.001046,0.0
B-CPU-DETREp-0001,fb93389,test,sequential_assembly__v001,dangling_mate_component,interface,fixed-rule-repair,0,CSR-SCN-027,CSR-SCN-027,1,0,0,1,1,0,0,0.049509,0.260586
B-CPU-DETREp-0001,fb93389,test,sequential_assembly__v001,dangling_mate_component,interface,ablation-no-provenance,0,CSR-SCN-027,CSR-SCN-027,1,0,0,1,1,0,0,0.037467,0.238221
B-CPU-DETREp-0001,fb93389,test,sequential_assembly__v001,dangling_mate_component,interface,ablation-no-task-validator,0,CSR-SCN-027,CSR-SCN-027,1,0,0,1,1,0,0,0.048644,0.249142
B-CPU-DETREp-0001,fb93389,test,sequential_assembly__v001,dangling_mate_component,interface,ablation-fixed-repair-order,0,CSR-SCN-027,CSR-SCN-027,1,0,0,1,1,0,0,0.051791,0.256847
B-CPU-DETREp-0001,fb93389,test,sequential_assembly__v001,mismatched_task_interface_target,task,direct-conversion,0,CSR-SCN-028,,0,0,1,0,0,0,0,0.001089,0.0
B-CPU-DETREp-0001,fb93389,test,sequential_assembly__v001,mismatched_task_interface_target,task,fixed-rule-repair,0,CSR-SCN-028,CSR-SCN-028,1,0,0,1,1,0,0,0.052347,0.250953
B-CPU-DETREp-0001,fb93389,test,sequential_assembly__v001,mismatched_task_interface_target,task,ablation-no-provenance,0,CSR-SCN-028,CSR-SCN-028,1,0,0,1,1,0,0,0.037023,0.235052
B-CPU-DETREp-0001,fb93389,test,sequential_assembly__v001,mismatched_task_interface_target,task,ablation-no-task-validator,0,CSR-SCN-028,CSR-SCN-028,1,0,0,1,1,0,0,0.046622,0.243791
B-CPU-DETREp-0001,fb93389,test,sequential_assembly__v001,mismatched_task_interface_target,task,ablation-fixed-repair-order,0,CSR-SCN-028,CSR-SCN-028,1,0,0,1,1,0,0,0.049144,0.266193
B-CPU-DETREp-0001,fb93389,test,sequential_assembly__v001,incomplete_provenance_schema,provenance,direct-conversion,0,CSR-SCN-030,,0,0,1,0,0,0,0,0.000971,0.0
B-CPU-DETREp-0001,fb93389,test,sequential_assembly__v001,incomplete_provenance_schema,provenance,fixed-rule-repair,0,CSR-SCN-030,CSR-SCN-030,1,0,0,1,1,0,0,0.054428,0.275421
B-CPU-DETREp-0001,fb93389,test,sequential_assembly__v001,incomplete_provenance_schema,provenance,ablation-no-provenance,0,CSR-SCN-030,,0,0,1,0,0,1,0,0.035463,0.20459
B-CPU-DETREp-0001,fb93389,test,sequential_assembly__v001,incomplete_provenance_schema,provenance,ablation-no-task-validator,0,CSR-SCN-030,CSR-SCN-030,1,0,0,1,1,0,0,0.048602,0.260602
B-CPU-DETREp-0001,fb93389,test,sequential_assembly__v001,incomplete_provenance_schema,provenance,ablation-fixed-repair-order,0,CSR-SCN-030,CSR-SCN-030,1,0,0,1,1,0,0,0.051154,0.270423
B-CPU-DETREp-0001,fb93389,test,sequential_assembly__v001,compound_frame_and_payload,compound,direct-conversion,0,CSR-SCN-001|CSR-SCN-005|CSR-SCN-029,,0,0,3,0,0,0,0,0.001064,0.0
B-CPU-DETREp-0001,fb93389,test,sequential_assembly__v001,compound_frame_and_payload,compound,fixed-rule-repair,0,CSR-SCN-001|CSR-SCN-005|CSR-SCN-029,CSR-SCN-001|CSR-SCN-005|CSR-SCN-029,3,0,0,1,1,0,0,0.05322,0.283115
B-CPU-DETREp-0001,fb93389,test,sequential_assembly__v001,compound_frame_and_payload,compound,ablation-no-provenance,0,CSR-SCN-001|CSR-SCN-005|CSR-SCN-029,CSR-SCN-001|CSR-SCN-005|CSR-SCN-029,3,0,0,1,1,0,0,0.039297,0.250787
B-CPU-DETREp-0001,fb93389,test,sequential_assembly__v001,compound_frame_and_payload,compound,ablation-no-task-validator,0,CSR-SCN-001|CSR-SCN-005|CSR-SCN-029,CSR-SCN-001|CSR-SCN-005|CSR-SCN-029,3,0,0,1,1,0,0,0.048987,0.279989
B-CPU-DETREp-0001,fb93389,test,sequential_assembly__v001,compound_frame_and_payload,compound,ablation-fixed-repair-order,0,CSR-SCN-001|CSR-SCN-005|CSR-SCN-029,CSR-SCN-001|CSR-SCN-005|CSR-SCN-029,3,0,0,1,1,0,0,0.050342,0.271498
B-CPU-DETREp-0001,fb93389,test,sequential_assembly__v001,compound_task_contract,compound,direct-conversion,0,CSR-SCN-009|CSR-SCN-010,,0,0,2,0,0,0,0,0.001079,0.0
B-CPU-DETREp-0001,fb93389,test,sequential_assembly__v001,compound_task_contract,compound,fixed-rule-repair,0,CSR-SCN-009|CSR-SCN-010,CSR-SCN-009|CSR-SCN-010,2,0,0,1,1,0,0,0.055959,0.280434
B-CPU-DETREp-0001,fb93389,test,sequential_assembly__v001,compound_task_contract,compound,ablation-no-provenance,0,CSR-SCN-009|CSR-SCN-010,CSR-SCN-009|CSR-SCN-010,2,0,0,1,1,0,0,0.038792,0.245444
B-CPU-DETREp-0001,fb93389,test,sequential_assembly__v001,compound_task_contract,compound,ablation-no-task-validator,0,CSR-SCN-009|CSR-SCN-010,,0,0,2,0,0,1,0,0.048698,0.23102
B-CPU-DETREp-0001,fb93389,test,sequential_assembly__v001,compound_task_contract,compound,ablation-fixed-repair-order,0,CSR-SCN-009|CSR-SCN-010,CSR-SCN-009|CSR-SCN-010,2,0,0,1,1,0,0,0.054169,0.279394
B-CPU-DETREp-0001,fb93389,test,sequential_assembly__v001,compound_interface_physics,compound,direct-conversion,0,CSR-SCN-018|CSR-SCN-019,,0,0,2,0,0,0,0,0.001075,0.0
B-CPU-DETREp-0001,fb93389,test,sequential_assembly__v001,compound_interface_physics,compound,fixed-rule-repair,0,CSR-SCN-018|CSR-SCN-019,CSR-SCN-018|CSR-SCN-019,2,0,0,1,1,0,0,0.055734,0.285349
B-CPU-DETREp-0001,fb93389,test,sequential_assembly__v001,compound_interface_physics,compound,ablation-no-provenance,0,CSR-SCN-018|CSR-SCN-019,CSR-SCN-018|CSR-SCN-019,2,0,0,1,1,0,0,0.041192,0.258893
B-CPU-DETREp-0001,fb93389,test,sequential_assembly__v001,compound_interface_physics,compound,ablation-no-task-validator,0,CSR-SCN-018|CSR-SCN-019,CSR-SCN-018|CSR-SCN-019,2,0,0,1,1,0,0,0.048361,0.277483
B-CPU-DETREp-0001,fb93389,test,sequential_assembly__v001,compound_interface_physics,compound,ablation-fixed-repair-order,0,CSR-SCN-018|CSR-SCN-019,CSR-SCN-018|CSR-SCN-019,2,0,0,1,1,0,0,0.054793,0.285351
B-CPU-DETREp-0001,fb93389,test,sequential_assembly__v001,compound_identity_and_actor,compound,direct-conversion,0,CSR-SCN-004|CSR-SCN-007|CSR-SCN-011,,0,0,3,0,0,0,0,0.001121,0.0
B-CPU-DETREp-0001,fb93389,test,sequential_assembly__v001,compound_identity_and_actor,compound,fixed-rule-repair,0,CSR-SCN-004|CSR-SCN-007|CSR-SCN-011,CSR-SCN-004|CSR-SCN-007|CSR-SCN-011,3,0,0,1,1,0,0,0.056969,0.298454
B-CPU-DETREp-0001,fb93389,test,sequential_assembly__v001,compound_identity_and_actor,compound,ablation-no-provenance,0,CSR-SCN-004|CSR-SCN-007|CSR-SCN-011,CSR-SCN-004|CSR-SCN-007|CSR-SCN-011,3,0,0,1,1,0,0,0.044867,0.264283
B-CPU-DETREp-0001,fb93389,test,sequential_assembly__v001,compound_identity_and_actor,compound,ablation-no-task-validator,0,CSR-SCN-004|CSR-SCN-007|CSR-SCN-011,CSR-SCN-004,1,0,2,0,0,1,0,0.048446,0.251726
B-CPU-DETREp-0001,fb93389,test,sequential_assembly__v001,compound_identity_and_actor,compound,ablation-fixed-repair-order,0,CSR-SCN-004|CSR-SCN-007|CSR-SCN-011,CSR-SCN-004|CSR-SCN-007|CSR-SCN-011,3,0,0,1,1,0,0,0.055593,0.290719
B-CPU-DETREp-0001,fb93389,test,sequential_assembly__v001,compound_mass_and_provenance,compound,direct-conversion,0,CSR-SCN-015|CSR-SCN-017,,0,0,2,0,0,0,0,0.001084,0.0
B-CPU-DETREp-0001,fb93389,test,sequential_assembly__v001,compound_mass_and_provenance,compound,fixed-rule-repair,0,CSR-SCN-015|CSR-SCN-017,CSR-SCN-015|CSR-SCN-017,2,0,0,1,1,0,0,0.048834,0.286019
B-CPU-DETREp-0001,fb93389,test,sequential_assembly__v001,compound_mass_and_provenance,compound,ablation-no-provenance,0,CSR-SCN-015|CSR-SCN-017,CSR-SCN-017,1,0,1,0,0,1,0,0.038115,0.196786
B-CPU-DETREp-0001,fb93389,test,sequential_assembly__v001,compound_mass_and_provenance,compound,ablation-no-task-validator,0,CSR-SCN-015|CSR-SCN-017,CSR-SCN-015|CSR-SCN-017,2,0,0,1,1,0,0,0.042362,0.268871
B-CPU-DETREp-0001,fb93389,test,sequential_assembly__v001,compound_mass_and_provenance,compound,ablation-fixed-repair-order,0,CSR-SCN-015|CSR-SCN-017,CSR-SCN-015|CSR-SCN-017,2,0,0,1,1,0,0,0.045702,0.272481
